ID,Gender,Population,Geographic.origin,Geographic.area,region,distance,latitude,longtitude
HGDP00448,M,Biaka Pygmies,Central African Republic,Central Africa,Africa,2384.859098,4,17
HGDP00479,M,Biaka Pygmies,Central African Republic,Central Africa,Africa,2384.859098,4,17
HGDP00985,M,Biaka Pygmies,Central African Republic,Central Africa,Africa,2384.859098,4,17
HGDP01094,M,Biaka Pygmies,Central African Republic,Central Africa,Africa,2384.859098,4,17
HGDP00982,M,Mbuti Pygmies,Democratic Republic of Congo,Central Africa,Africa,1335.495772,1,29
HGDP00911,M,Mandenka,Senegal,Central Africa,Africa,5469.912857,12,-12
HGDP01202,M,Mandenka,Senegal,Central Africa,Africa,5469.912857,12,-12
HGDP00927,M,Yoruba,Nigeria,Central Africa,Africa,3629.688739,8,5
HGDP00461,M,Biaka Pygmies,Central African Republic,Central Africa,Africa,2384.859098,4,17
HGDP00451,M,Biaka Pygmies,Central African Republic,Central Africa,Africa,2384.859098,4,17
HGDP00986,M,Biaka Pygmies,Central African Republic,Central Africa,Africa,2384.859098,4,17
HGDP00449,M,Mbuti Pygmies,Democratic Republic of Congo,Central Africa,Africa,1335.495772,1,29
HGDP00983,M,Mbuti Pygmies,Democratic Republic of Congo,Central Africa,Africa,1335.495772,1,29
HGDP00912,M,Mandenka,Senegal,Central Africa,Africa,5469.912857,12,-12
HGDP01283,M,Mandenka,Senegal,Central Africa,Africa,5469.912857,12,-12
HGDP00928,F,Yoruba,Nigeria,Central Africa,Africa,3629.688739,8,5
HGDP00937,M,Yoruba,Nigeria,Central Africa,Africa,3629.688739,8,5
HGDP01408,M,Bantu,Kenya,Central Africa,Africa,2730.422,-3,37
HGDP00991,M,San ,Namidia,Central Africa,Africa,3872.417228,-21,20
HGDP01031,M,Bantu,South Africa,South Africa,Africa,2730.422,-3,37
HGDP01263,M,Mozabite,Algeria (Mzab),Northern Africa,Middle East,4418.170045,32,3
HGDP01275,F,Mozabite,Algeria (Mzab),Northern Africa,Middle East,4418.170045,32,3
HGDP00611,M,Bedouin,Israel (Negev),Israel,Middle East,2844.946131,31,35
HGDP00623,M,Bedouin,Israel (Negev),Israel,Middle East,2844.946131,31,35
HGDP00634,F,Bedouin,Israel (Negev),Israel,Middle East,2844.946131,31,35
HGDP00645,M,Bedouin,Israel (Negev),Israel,Middle East,2844.946131,31,35
HGDP00557,F,Druze,Israel (Carmel),Israel,Middle East,2887.253661,32,35
HGDP00569,F,Druze,Israel (Carmel),Israel,Middle East,2887.253661,32,35
HGDP00581,F,Druze,Israel (Carmel),Israel,Middle East,2887.253661,32,35
HGDP00594,M,Druze,Israel (Carmel),Israel,Middle East,2887.253661,32,35
HGDP00675,M,Palestinian,Israel (Central),Israel,Middle East,2887.253661,32,35
HGDP00687,F,Palestinian,Israel (Central),Israel,Middle East,2887.253661,32,35
HGDP00697,F,Palestinian,Israel (Central),Israel,Middle East,2887.253661,32,35
HGDP00729,M,Palestinian,Israel (Central),Israel,Middle East,2887.253661,32,35
HGDP00741,F,Palestinian,Israel (Central),Israel,Middle East,2887.253661,32,35
HGDP00011,M,Brahui,Pakistan,Pakistan,Central/South Asia,5842.077841,30.5,66.5
HGDP00035,M,Brahui,Pakistan,Pakistan,Central/South Asia,5842.077841,30.5,66.5
HGDP00058,M,Balochi,Pakistan,Pakistan,Central/South Asia,5842.077841,30.5,66.5
HGDP00082,M,Balochi,Pakistan,Pakistan,Central/South Asia,5842.077841,30.5,66.5
HGDP00103,M,Hazara,Pakistan,Pakistan,Central/South Asia,6132.580278,33.5,70
HGDP00938,F,Yoruba,Nigeria,Central Africa,Africa,3629.688739,8,5
HGDP01411,M,Bantu,Kenya,Central Africa,Africa,2730.422,-3,37
HGDP01264,M,Mozabite,Algeria (Mzab),Northern Africa,Middle East,4418.170045,32,3
HGDP01276,F,Mozabite,Algeria (Mzab),Northern Africa,Middle East,4418.170045,32,3
HGDP00612,F,Bedouin,Israel (Negev),Israel,Middle East,2844.946131,31,35
HGDP00624,M,Bedouin,Israel (Negev),Israel,Middle East,2844.946131,31,35
HGDP00635,F,Bedouin,Israel (Negev),Israel,Middle East,2844.946131,31,35
HGDP00646,F,Bedouin,Israel (Negev),Israel,Middle East,2844.946131,31,35
HGDP00558,F,Druze,Israel (Carmel),Israel,Middle East,2887.253661,32,35
HGDP00570,F,Druze,Israel (Carmel),Israel,Middle East,2887.253661,32,35
HGDP00582,F,Druze,Israel (Carmel),Israel,Middle East,2887.253661,32,35
HGDP00595,M,Druze,Israel (Carmel),Israel,Middle East,2887.253661,32,35
HGDP00676,M,Palestinian,Israel (Central),Israel,Middle East,2887.253661,32,35
HGDP00688,F,Palestinian,Israel (Central),Israel,Middle East,2887.253661,32,35
HGDP00698,F,Palestinian,Israel (Central),Israel,Middle East,2887.253661,32,35
HGDP00730,M,Palestinian,Israel (Central),Israel,Middle East,2887.253661,32,35
HGDP00742,F,Palestinian,Israel (Central),Israel,Middle East,2887.253661,32,35
HGDP00013,M,Brahui,Pakistan,Pakistan,Central/South Asia,5842.077841,30.5,66.5
HGDP00037,M,Brahui,Pakistan,Pakistan,Central/South Asia,5842.077841,30.5,66.5
HGDP00060,M,Balochi,Pakistan,Pakistan,Central/South Asia,5842.077841,30.5,66.5
HGDP00084,M,Balochi,Pakistan,Pakistan,Central/South Asia,5842.077841,30.5,66.5
HGDP00104,M,Hazara,Pakistan,Pakistan,Central/South Asia,6132.580278,33.5,70
HGDP00464,M,Biaka Pygmies,Central African Republic,Central Africa,Africa,2384.859098,4,17
HGDP01084,F,Biaka Pygmies,Central African Republic,Central Africa,Africa,2384.859098,4,17
HGDP00450,M,Mbuti Pygmies,Democratic Republic of Congo,Central Africa,Africa,1335.495772,1,29
HGDP00984,M,Mbuti Pygmies,Democratic Republic of Congo,Central Africa,Africa,1335.495772,1,29
HGDP00913,M,Mandenka,Senegal,Central Africa,Africa,5469.912857,12,-12
HGDP01284,M,Mandenka,Senegal,Central Africa,Africa,5469.912857,12,-12
HGDP00929,M,Yoruba,Nigeria,Central Africa,Africa,3629.688739,8,5
HGDP00939,F,Yoruba,Nigeria,Central Africa,Africa,3629.688739,8,5
HGDP01412,M,Bantu,Kenya,Central Africa,Africa,2730.422,-3,37
HGDP01029,M,San ,Namidia,Central Africa,Africa,3872.417228,-21,20
HGDP01253,M,Mozabite,Algeria (Mzab),Northern Africa,Middle East,4418.170045,32,3
HGDP01265,M,Mozabite,Algeria (Mzab),Northern Africa,Middle East,4418.170045,32,3
HGDP01277,F,Mozabite,Algeria (Mzab),Northern Africa,Middle East,4418.170045,32,3
HGDP00613,F,Bedouin,Israel (Negev),Israel,Middle East,2844.946131,31,35
HGDP00636,F,Bedouin,Israel (Negev),Israel,Middle East,2844.946131,31,35
HGDP00647,F,Bedouin,Israel (Negev),Israel,Middle East,2844.946131,31,35
HGDP00559,F,Druze,Israel (Carmel),Israel,Middle East,2887.253661,32,35
HGDP00571,F,Druze,Israel (Carmel),Israel,Middle East,2887.253661,32,35
HGDP00583,F,Druze,Israel (Carmel),Israel,Middle East,2887.253661,32,35
HGDP00597,M,Druze,Israel (Carmel),Israel,Middle East,2887.253661,32,35
HGDP00677,M,Palestinian,Israel (Central),Israel,Middle East,2887.253661,32,35
HGDP00689,F,Palestinian,Israel (Central),Israel,Middle East,2887.253661,32,35
HGDP00465,M,Biaka Pygmies,Central African Republic,Central Africa,Africa,2384.859098,4,17
HGDP01085,F,Biaka Pygmies,Central African Republic,Central Africa,Africa,2384.859098,4,17
HGDP00456,M,Mbuti Pygmies,Democratic Republic of Congo,Central Africa,Africa,1335.495772,1,29
HGDP01081,M,Mbuti Pygmies,Democratic Republic of Congo,Central Africa,Africa,1335.495772,1,29
HGDP00914,F,Mandenka,Senegal,Central Africa,Africa,5469.912857,12,-12
HGDP01285,M,Mandenka,Senegal,Central Africa,Africa,5469.912857,12,-12
HGDP00930,M,Yoruba,Nigeria,Central Africa,Africa,3629.688739,8,5
HGDP00940,M,Yoruba,Nigeria,Central Africa,Africa,3629.688739,8,5
HGDP01413,M,Bantu,Kenya,Central Africa,Africa,2730.422,-3,37
HGDP01032,M,San ,Namidia,Central Africa,Africa,3872.417228,-21,20
HGDP01254,F,Mozabite,Algeria (Mzab),Northern Africa,Middle East,4418.170045,32,3
HGDP01266,M,Mozabite,Algeria (Mzab),Northern Africa,Middle East,4418.170045,32,3
HGDP01278,M,Mozabite,Algeria (Mzab),Northern Africa,Middle East,4418.170045,32,3
HGDP00614,F,Bedouin,Israel (Negev),Israel,Middle East,2844.946131,31,35
HGDP00626,M,Bedouin,Israel (Negev),Israel,Middle East,2844.946131,31,35
HGDP00637,F,Bedouin,Israel (Negev),Israel,Middle East,2844.946131,31,35
HGDP00648,M,Bedouin,Israel (Negev),Israel,Middle East,2844.946131,31,35
HGDP00572,F,Druze,Israel (Carmel),Israel,Middle East,2887.253661,32,35
HGDP00584,F,Druze,Israel (Carmel),Israel,Middle East,2887.253661,32,35
HGDP00598,M,Druze,Israel (Carmel),Israel,Middle East,2887.253661,32,35
HGDP00678,M,Palestinian,Israel (Central),Israel,Middle East,2887.253661,32,35
HGDP00690,F,Palestinian,Israel (Central),Israel,Middle East,2887.253661,32,35
HGDP00466,M,Biaka Pygmies,Central African Republic,Central Africa,Africa,2384.859098,4,17
HGDP00454,M,Biaka Pygmies,Central African Republic,Central Africa,Africa,2384.859098,4,17
HGDP01086,M,Biaka Pygmies,Central African Republic,Central Africa,Africa,2384.859098,4,17
HGDP00462,M,Mbuti Pygmies,Democratic Republic of Congo,Central Africa,Africa,1335.495772,1,29
HGDP00915,F,Mandenka,Senegal,Central Africa,Africa,5469.912857,12,-12
HGDP01286,M,Mandenka,Senegal,Central Africa,Africa,5469.912857,12,-12
HGDP00931,M,Yoruba,Nigeria,Central Africa,Africa,3629.688739,8,5
HGDP00992,M,San ,Namidia,Central Africa,Africa,3872.417228,-21,20
HGDP00941,M,Yoruba,Nigeria,Central Africa,Africa,3629.688739,8,5
HGDP01414,F,Bantu,Kenya,Central Africa,Africa,2730.422,-3,37
HGDP01036,M,San ,Namidia,Central Africa,Africa,3872.417228,-21,20
HGDP01255,M,Mozabite,Algeria (Mzab),Northern Africa,Middle East,4418.170045,32,3
HGDP01267,F,Mozabite,Algeria (Mzab),Northern Africa,Middle East,4418.170045,32,3
HGDP01279,M,Mozabite,Algeria (Mzab),Northern Africa,Middle East,4418.170045,32,3
HGDP00615,F,Bedouin,Israel (Negev),Israel,Middle East,2844.946131,31,35
HGDP00627,M,Bedouin,Israel (Negev),Israel,Middle East,2844.946131,31,35
HGDP00638,F,Bedouin,Israel (Negev),Israel,Middle East,2844.946131,31,35
HGDP00649,F,Bedouin,Israel (Negev),Israel,Middle East,2844.946131,31,35
HGDP00561,F,Druze,Israel (Carmel),Israel,Middle East,2887.253661,32,35
HGDP00573,F,Druze,Israel (Carmel),Israel,Middle East,2887.253661,32,35
HGDP00585,F,Druze,Israel (Carmel),Israel,Middle East,2887.253661,32,35
HGDP00599,M,Druze,Israel (Carmel),Israel,Middle East,2887.253661,32,35
HGDP00679,F,Palestinian,Israel (Central),Israel,Middle East,2887.253661,32,35
HGDP00691,F,Palestinian,Israel (Central),Israel,Middle East,2887.253661,32,35
HGDP00469,M,Biaka Pygmies,Central African Republic,Central Africa,Africa,2384.859098,4,17
HGDP00455,M,Biaka Pygmies,Central African Republic,Central Africa,Africa,2384.859098,4,17
HGDP01087,M,Biaka Pygmies,Central African Republic,Central Africa,Africa,2384.859098,4,17
HGDP00463,M,Mbuti Pygmies,Democratic Republic of Congo,Central Africa,Africa,1335.495772,1,29
HGDP00904,M,Mandenka,Senegal,Central Africa,Africa,5469.912857,12,-12
HGDP00916,F,Mandenka,Senegal,Central Africa,Africa,5469.912857,12,-12
HGDP00920,F,Yoruba,Nigeria,Central Africa,Africa,3629.688739,8,5
HGDP00932,M,Yoruba,Nigeria,Central Africa,Africa,3629.688739,8,5
HGDP00942,M,Yoruba,Nigeria,Central Africa,Africa,3629.688739,8,5
HGDP01415,M,Bantu,Kenya,Central Africa,Africa,2730.422,-3,37
HGDP00993,M,Bantu,South Africa,South Africa,Africa,2730.422,-3,37
HGDP01256,M,Mozabite,Algeria (Mzab),Northern Africa,Middle East,4418.170045,32,3
HGDP01268,M,Mozabite,Algeria (Mzab),Northern Africa,Middle East,4418.170045,32,3
HGDP01280,F,Mozabite,Algeria (Mzab),Northern Africa,Middle East,4418.170045,32,3
HGDP00616,M,Bedouin,Israel (Negev),Israel,Middle East,2844.946131,31,35
HGDP00628,M,Bedouin,Israel (Negev),Israel,Middle East,2844.946131,31,35
HGDP00639,M,Bedouin,Israel (Negev),Israel,Middle East,2844.946131,31,35
HGDP00650,F,Bedouin,Israel (Negev),Israel,Middle East,2844.946131,31,35
HGDP00562,M,Druze,Israel (Carmel),Israel,Middle East,2887.253661,32,35
HGDP00574,F,Druze,Israel (Carmel),Israel,Middle East,2887.253661,32,35
HGDP00586,F,Druze,Israel (Carmel),Israel,Middle East,2887.253661,32,35
HGDP00600,M,Druze,Israel (Carmel),Israel,Middle East,2887.253661,32,35
HGDP00680,F,Palestinian,Israel (Central),Israel,Middle East,2887.253661,32,35
HGDP00692,F,Palestinian,Israel (Central),Israel,Middle East,2887.253661,32,35
HGDP00933,F,Yoruba,Nigeria,Central Africa,Africa,3629.688739,8,5
HGDP00470,M,Biaka Pygmies,Central African Republic,Central Africa,Africa,2384.859098,4,17
HGDP00457,M,Biaka Pygmies,Central African Republic,Central Africa,Africa,2384.859098,4,17
HGDP01088,M,Biaka Pygmies,Central African Republic,Central Africa,Africa,2384.859098,4,17
HGDP00467,M,Mbuti Pygmies,Democratic Republic of Congo,Central Africa,Africa,1335.495772,1,29
HGDP00905,M,Mandenka,Senegal,Central Africa,Africa,5469.912857,12,-12
HGDP00917,F,Mandenka,Senegal,Central Africa,Africa,5469.912857,12,-12
HGDP00921,F,Yoruba,Nigeria,Central Africa,Africa,3629.688739,8,5
HGDP00943,M,Yoruba,Nigeria,Central Africa,Africa,3629.688739,8,5
HGDP01416,M,Bantu,Kenya,Central Africa,Africa,2730.422,-3,37
HGDP00994,M,Bantu,South Africa,South Africa,Africa,2730.422,-3,37
HGDP01257,M,Mozabite,Algeria (Mzab),Northern Africa,Middle East,4418.170045,32,3
HGDP01269,M,Mozabite,Algeria (Mzab),Northern Africa,Middle East,4418.170045,32,3
HGDP01281,F,Mozabite,Algeria (Mzab),Northern Africa,Middle East,4418.170045,32,3
HGDP00617,M,Bedouin,Israel (Negev),Israel,Middle East,2844.946131,31,35
HGDP00629,M,Bedouin,Israel (Negev),Israel,Middle East,2844.946131,31,35
HGDP00640,M,Bedouin,Israel (Negev),Israel,Middle East,2844.946131,31,35
HGDP00651,F,Bedouin,Israel (Negev),Israel,Middle East,2844.946131,31,35
HGDP00563,F,Druze,Israel (Carmel),Israel,Middle East,2887.253661,32,35
HGDP00575,F,Druze,Israel (Carmel),Israel,Middle East,2887.253661,32,35
HGDP00587,F,Druze,Israel (Carmel),Israel,Middle East,2887.253661,32,35
HGDP00601,F,Druze,Israel (Carmel),Israel,Middle East,2887.253661,32,35
HGDP00681,F,Palestinian,Israel (Central),Israel,Middle East,2887.253661,32,35
HGDP00693,F,Palestinian,Israel (Central),Israel,Middle East,2887.253661,32,35
HGDP00473,M,Biaka Pygmies,Central African Republic,Central Africa,Africa,2384.859098,4,17
HGDP00459,M,Biaka Pygmies,Central African Republic,Central Africa,Africa,2384.859098,4,17
HGDP01090,M,Biaka Pygmies,Central African Republic,Central Africa,Africa,2384.859098,4,17
HGDP00471,F,Mbuti Pygmies,Democratic Republic of Congo,Central Africa,Africa,1335.495772,1,29
HGDP00907,M,Mandenka,Senegal,Central Africa,Africa,5469.912857,12,-12
HGDP00919,M,Mandenka,Senegal,Central Africa,Africa,5469.912857,12,-12
HGDP00923,M,Yoruba,Nigeria,Central Africa,Africa,3629.688739,8,5
HGDP00935,F,Yoruba,Nigeria,Central Africa,Africa,3629.688739,8,5
HGDP01418,M,Bantu,Kenya,Central Africa,Africa,2730.422,-3,37
HGDP01034,M,Bantu,South Africa,South Africa,Africa,2730.422,-3,37
HGDP01259,M,Mozabite,Algeria (Mzab),Northern Africa,Middle East,4418.170045,32,3
HGDP01271,M,Mozabite,Algeria (Mzab),Northern Africa,Middle East,4418.170045,32,3
HGDP00607,F,Bedouin,Israel (Negev),Israel,Middle East,2844.946131,31,35
HGDP00619,M,Bedouin,Israel (Negev),Israel,Middle East,2844.946131,31,35
HGDP00631,M,Bedouin,Israel (Negev),Israel,Middle East,2844.946131,31,35
HGDP00642,M,Bedouin,Israel (Negev),Israel,Middle East,2844.946131,31,35
HGDP00653,F,Bedouin,Israel (Negev),Israel,Middle East,2844.946131,31,35
HGDP00565,F,Druze,Israel (Carmel),Israel,Middle East,2887.253661,32,35
HGDP00577,F,Druze,Israel (Carmel),Israel,Middle East,2887.253661,32,35
HGDP00603,M,Druze,Israel (Carmel),Israel,Middle East,2887.253661,32,35
HGDP00683,F,Palestinian,Israel (Central),Israel,Middle East,2887.253661,32,35
HGDP00695,F,Palestinian,Israel (Central),Israel,Middle East,2887.253661,32,35
HGDP00472,M,Biaka Pygmies,Central African Republic,Central Africa,Africa,2384.859098,4,17
HGDP00458,M,Biaka Pygmies,Central African Republic,Central Africa,Africa,2384.859098,4,17
HGDP01089,M,Biaka Pygmies,Central African Republic,Central Africa,Africa,2384.859098,4,17
HGDP00468,M,Mbuti Pygmies,Democratic Republic of Congo,Central Africa,Africa,1335.495772,1,29
HGDP00906,M,Mandenka,Senegal,Central Africa,Africa,5469.912857,12,-12
HGDP00918,F,Mandenka,Senegal,Central Africa,Africa,5469.912857,12,-12
HGDP00922,F,Yoruba,Nigeria,Central Africa,Africa,3629.688739,8,5
HGDP00934,F,Yoruba,Nigeria,Central Africa,Africa,3629.688739,8,5
HGDP00641,M,Bedouin,Israel (Negev),Israel,Middle East,2844.946131,31,35
HGDP00564,F,Druze,Israel (Carmel),Israel,Middle East,2887.253661,32,35
HGDP00576,M,Druze,Israel (Carmel),Israel,Middle East,2887.253661,32,35
HGDP00588,M,Druze,Israel (Carmel),Israel,Middle East,2887.253661,32,35
HGDP00602,M,Druze,Israel (Carmel),Israel,Middle East,2887.253661,32,35
HGDP00682,F,Palestinian,Israel (Central),Israel,Middle East,2887.253661,32,35
HGDP00694,F,Palestinian,Israel (Central),Israel,Middle East,2887.253661,32,35
HGDP00725,M,Palestinian,Israel (Central),Israel,Middle East,2887.253661,32,35
HGDP00736,F,Palestinian,Israel (Central),Israel,Middle East,2887.253661,32,35
HGDP00001,M,Brahui,Pakistan,Pakistan,Central/South Asia,5842.077841,30.5,66.5
HGDP00025,M,Brahui,Pakistan,Pakistan,Central/South Asia,5842.077841,30.5,66.5
HGDP00049,M,Brahui,Pakistan,Pakistan,Central/South Asia,5842.077841,30.5,66.5
HGDP00072,M,Balochi,Pakistan,Pakistan,Central/South Asia,5842.077841,30.5,66.5
HGDP00096,M,Balochi,Pakistan,Pakistan,Central/South Asia,5842.077841,30.5,66.5
HGDP00475,M,Biaka Pygmies,Central African Republic,Central Africa,Africa,2384.859098,4,17
HGDP00460,M,Biaka Pygmies,Central African Republic,Central Africa,Africa,2384.859098,4,17
HGDP01091,M,Biaka Pygmies,Central African Republic,Central Africa,Africa,2384.859098,4,17
HGDP00474,M,Mbuti Pygmies,Democratic Republic of Congo,Central Africa,Africa,1335.495772,1,29
HGDP00908,M,Mandenka,Senegal,Central Africa,Africa,5469.912857,12,-12
HGDP01199,M,Mandenka,Senegal,Central Africa,Africa,5469.912857,12,-12
HGDP00924,F,Yoruba,Nigeria,Central Africa,Africa,3629.688739,8,5
HGDP00936,M,Yoruba,Nigeria,Central Africa,Africa,3629.688739,8,5
HGDP00643,F,Bedouin,Israel (Negev),Israel,Middle East,2844.946131,31,35
HGDP00654,M,Bedouin,Israel (Negev),Israel,Middle East,2844.946131,31,35
HGDP00566,F,Druze,Israel (Carmel),Israel,Middle East,2887.253661,32,35
HGDP00578,F,Druze,Israel (Carmel),Israel,Middle East,2887.253661,32,35
HGDP00590,F,Druze,Israel (Carmel),Israel,Middle East,2887.253661,32,35
HGDP00604,M,Druze,Israel (Carmel),Israel,Middle East,2887.253661,32,35
HGDP00684,F,Palestinian,Israel (Central),Israel,Middle East,2887.253661,32,35
HGDP00696,F,Palestinian,Israel (Central),Israel,Middle East,2887.253661,32,35
HGDP00727,M,Palestinian,Israel (Central),Israel,Middle East,2887.253661,32,35
HGDP00738,F,Palestinian,Israel (Central),Israel,Middle East,2887.253661,32,35
HGDP00005,M,Brahui,Pakistan,Pakistan,Central/South Asia,5842.077841,30.5,66.5
HGDP00029,M,Brahui,Pakistan,Pakistan,Central/South Asia,5842.077841,30.5,66.5
HGDP00054,M,Balochi,Pakistan,Pakistan,Central/South Asia,5842.077841,30.5,66.5
HGDP00076,M,Balochi,Pakistan,Pakistan,Central/South Asia,5842.077841,30.5,66.5
HGDP00099,M,Hazara,Pakistan,Pakistan,Central/South Asia,6132.580278,33.5,70
HGDP00113,M,Hazara,Pakistan,Pakistan,Central/South Asia,6132.580278,33.5,70
HGDP00477,M,Biaka Pygmies,Central African Republic,Central Africa,Africa,2384.859098,4,17
HGDP00980,F,Biaka Pygmies,Central African Republic,Central Africa,Africa,2384.859098,4,17
HGDP00476,F,Mbuti Pygmies,Democratic Republic of Congo,Central Africa,Africa,1335.495772,1,29
HGDP00909,F,Mandenka,Senegal,Central Africa,Africa,5469.912857,12,-12
HGDP01200,M,Mandenka,Senegal,Central Africa,Africa,5469.912857,12,-12
HGDP00925,F,Yoruba,Nigeria,Central Africa,Africa,3629.688739,8,5
HGDP00644,M,Bedouin,Israel (Negev),Israel,Middle East,2844.946131,31,35
HGDP00701,F,Bedouin,Israel (Negev),Israel,Middle East,2844.946131,31,35
HGDP00567,F,Druze,Israel (Carmel),Israel,Middle East,2887.253661,32,35
HGDP00579,F,Druze,Israel (Carmel),Israel,Middle East,2887.253661,32,35
HGDP00591,F,Druze,Israel (Carmel),Israel,Middle East,2887.253661,32,35
HGDP00605,M,Druze,Israel (Carmel),Israel,Middle East,2887.253661,32,35
HGDP00685,F,Palestinian,Israel (Central),Israel,Middle East,2887.253661,32,35
HGDP00560,F,Druze,Israel (Carmel),Israel,Middle East,2887.253661,32,35
HGDP00728,M,Palestinian,Israel (Central),Israel,Middle East,2887.253661,32,35
HGDP00739,F,Palestinian,Israel (Central),Israel,Middle East,2887.253661,32,35
HGDP00007,M,Brahui,Pakistan,Pakistan,Central/South Asia,5842.077841,30.5,66.5
HGDP00031,M,Brahui,Pakistan,Pakistan,Central/South Asia,5842.077841,30.5,66.5
HGDP00056,M,Balochi,Pakistan,Pakistan,Central/South Asia,5842.077841,30.5,66.5
HGDP00078,M,Balochi,Pakistan,Pakistan,Central/South Asia,5842.077841,30.5,66.5
HGDP00100,M,Hazara,Pakistan,Pakistan,Central/South Asia,6132.580278,33.5,70
HGDP00686,F,Palestinian,Israel (Central),Israel,Middle East,2887.253661,32,35
HGDP01093,M,Biaka Pygmies,Central African Republic,Central Africa,Africa,2384.859098,4,17
HGDP00478,M,Mbuti Pygmies,Democratic Republic of Congo,Central Africa,Africa,1335.495772,1,29
HGDP00910,F,Mandenka,Senegal,Central Africa,Africa,5469.912857,12,-12
HGDP00926,F,Yoruba,Nigeria,Central Africa,Africa,3629.688739,8,5
HGDP00988,M,San ,Namidia,Central Africa,Africa,3872.417228,-21,20
HGDP01035,M,Bantu,South Africa,South Africa,Africa,2730.422,-3,37
HGDP01262,M,Mozabite,Algeria (Mzab),Northern Africa,Middle East,4418.170045,32,3
HGDP01274,F,Mozabite,Algeria (Mzab),Northern Africa,Middle East,4418.170045,32,3
HGDP00610,M,Bedouin,Israel (Negev),Israel,Middle East,2844.946131,31,35
HGDP00622,M,Bedouin,Israel (Negev),Israel,Middle East,2844.946131,31,35
HGDP00568,F,Druze,Israel (Carmel),Israel,Middle East,2887.253661,32,35
HGDP00580,M,Druze,Israel (Carmel),Israel,Middle East,2887.253661,32,35
HGDP00592,F,Druze,Israel (Carmel),Israel,Middle East,2887.253661,32,35
HGDP00606,F,Druze,Israel (Carmel),Israel,Middle East,2887.253661,32,35
HGDP00699,F,Palestinian,Israel (Central),Israel,Middle East,2887.253661,32,35
HGDP00731,M,Palestinian,Israel (Central),Israel,Middle East,2887.253661,32,35
HGDP00743,F,Palestinian,Israel (Central),Israel,Middle East,2887.253661,32,35
HGDP00015,M,Brahui,Pakistan,Pakistan,Central/South Asia,5842.077841,30.5,66.5
HGDP00039,M,Brahui,Pakistan,Pakistan,Central/South Asia,5842.077841,30.5,66.5
HGDP00062,M,Balochi,Pakistan,Pakistan,Central/South Asia,5842.077841,30.5,66.5
HGDP00086,M,Balochi,Pakistan,Pakistan,Central/South Asia,5842.077841,30.5,66.5
HGDP00105,M,Hazara,Pakistan,Pakistan,Central/South Asia,6132.580278,33.5,70
HGDP00700,F,Palestinian,Israel (Central),Israel,Middle East,2887.253661,32,35
HGDP00732,M,Palestinian,Israel (Central),Israel,Middle East,2887.253661,32,35
HGDP00744,F,Palestinian,Israel (Central),Israel,Middle East,2887.253661,32,35
HGDP00017,M,Brahui,Pakistan,Pakistan,Central/South Asia,5842.077841,30.5,66.5
HGDP00041,M,Brahui,Pakistan,Pakistan,Central/South Asia,5842.077841,30.5,66.5
HGDP00064,M,Balochi,Pakistan,Pakistan,Central/South Asia,5842.077841,30.5,66.5
HGDP00088,M,Balochi,Pakistan,Pakistan,Central/South Asia,5842.077841,30.5,66.5
HGDP00106,M,Hazara,Pakistan,Pakistan,Central/South Asia,6132.580278,33.5,70
HGDP00119,M,Hazara,Pakistan,Pakistan,Central/South Asia,6132.580278,33.5,70
HGDP00131,M,Makrani,Pakistan,Pakistan,Central/South Asia,5704.994418,26,64
HGDP00146,M,Makrani,Pakistan,Pakistan,Central/South Asia,5704.994418,26,64
HGDP00163,M,Sindhi,Pakistan,Pakistan,Central/South Asia,6201.994706,25.5,69
HGDP00187,M,Sindhi,Pakistan,Pakistan,Central/South Asia,6201.994706,25.5,69
HGDP00210,F,Sindhi,Pakistan,Pakistan,Central/South Asia,6201.994706,25.5,69
HGDP00234,M,Pathan,Pakistan,Pakistan,Central/South Asia,6178.886689,33.5,70.5
HGDP00262,M,Pathan,Pakistan,Pakistan,Central/South Asia,6178.886689,33.5,70.5
HGDP00290,M,Kalash,Pakistan,Pakistan,Central/South Asia,6253.640204,36,71.5
HGDP00321,M,Kalash,Pakistan,Pakistan,Central/South Asia,6253.640204,36,71.5
HGDP00356,F,Burusho,Pakistan,Pakistan,Central/South Asia,6475.612264,36.5,74
HGDP00412,M,Burusho,Pakistan,Pakistan,Central/South Asia,6475.612264,36.5,74
HGDP00973,M,Han,China,China,East Asia,10133.39558,32.3,114
HGDP00777,M,Han,China,China,East Asia,10133.39558,32.3,114
HGDP00820,F,Han,China,China,East Asia,10133.39558,32.3,114
HGDP01291,F,Han,China,China,East Asia,10133.39558,32.3,114
HGDP00722,M,Palestinian,Israel (Central),Israel,Middle East,2887.253661,32,35
HGDP00733,M,Palestinian,Israel (Central),Israel,Middle East,2887.253661,32,35
HGDP00745,F,Palestinian,Israel (Central),Israel,Middle East,2887.253661,32,35
HGDP00019,M,Brahui,Pakistan,Pakistan,Central/South Asia,5842.077841,30.5,66.5
HGDP00043,M,Brahui,Pakistan,Pakistan,Central/South Asia,5842.077841,30.5,66.5
HGDP00066,M,Balochi,Pakistan,Pakistan,Central/South Asia,5842.077841,30.5,66.5
HGDP00090,M,Balochi,Pakistan,Pakistan,Central/South Asia,5842.077841,30.5,66.5
HGDP00108,M,Hazara,Pakistan,Pakistan,Central/South Asia,6132.580278,33.5,70
HGDP00120,M,Hazara,Pakistan,Pakistan,Central/South Asia,6132.580278,33.5,70
HGDP00133,M,Makrani,Pakistan,Pakistan,Central/South Asia,5704.994418,26,64
HGDP00148,M,Makrani,Pakistan,Pakistan,Central/South Asia,5704.994418,26,64
HGDP00165,M,Sindhi,Pakistan,Pakistan,Central/South Asia,6201.994706,25.5,69
HGDP00189,M,Sindhi,Pakistan,Pakistan,Central/South Asia,6201.994706,25.5,69
HGDP00213,M,Pathan,Pakistan,Pakistan,Central/South Asia,6178.886689,33.5,70.5
HGDP00237,F,Pathan,Pakistan,Pakistan,Central/South Asia,6178.886689,33.5,70.5
HGDP00264,M,Pathan,Pakistan,Pakistan,Central/South Asia,6178.886689,33.5,70.5
HGDP00292,M,Kalash,Pakistan,Pakistan,Central/South Asia,6253.640204,36,71.5
HGDP00323,F,Kalash,Pakistan,Pakistan,Central/South Asia,6253.640204,36,71.5
HGDP00359,M,Burusho,Pakistan,Pakistan,Central/South Asia,6475.612264,36.5,74
HGDP00417,M,Burusho,Pakistan,Pakistan,Central/South Asia,6475.612264,36.5,74
HGDP01021,F,Han,China,China,East Asia,10133.39558,32.3,114
HGDP00778,M,Han,China,China,East Asia,10133.39558,32.3,114
HGDP00821,M,Han,China,China,East Asia,10133.39558,32.3,114
HGDP01292,M,Han,China,China,East Asia,10133.39558,32.3,114
HGDP00723,M,Palestinian,Israel (Central),Israel,Middle East,2887.253661,32,35
HGDP00734,M,Palestinian,Israel (Central),Israel,Middle East,2887.253661,32,35
HGDP00746,F,Palestinian,Israel (Central),Israel,Middle East,2887.253661,32,35
HGDP00021,M,Brahui,Pakistan,Pakistan,Central/South Asia,5842.077841,30.5,66.5
HGDP00045,M,Brahui,Pakistan,Pakistan,Central/South Asia,5842.077841,30.5,66.5
HGDP00068,M,Balochi,Pakistan,Pakistan,Central/South Asia,5842.077841,30.5,66.5
HGDP00092,M,Balochi,Pakistan,Pakistan,Central/South Asia,5842.077841,30.5,66.5
HGDP00109,M,Hazara,Pakistan,Pakistan,Central/South Asia,6132.580278,33.5,70
HGDP00121,M,Hazara,Pakistan,Pakistan,Central/South Asia,6132.580278,33.5,70
HGDP00134,M,Makrani,Pakistan,Pakistan,Central/South Asia,5704.994418,26,64
HGDP00149,M,Makrani,Pakistan,Pakistan,Central/South Asia,5704.994418,26,64
HGDP00167,M,Sindhi,Pakistan,Pakistan,Central/South Asia,6201.994706,25.5,69
HGDP00191,M,Sindhi,Pakistan,Pakistan,Central/South Asia,6201.994706,25.5,69
HGDP00214,M,Pathan,Pakistan,Pakistan,Central/South Asia,6178.886689,33.5,70.5
HGDP00239,F,Pathan,Pakistan,Pakistan,Central/South Asia,6178.886689,33.5,70.5
HGDP00009,M,Brahui,Pakistan,Pakistan,Central/South Asia,5842.077841,30.5,66.5
HGDP00298,F,Kalash,Pakistan,Pakistan,Central/South Asia,6253.640204,36,71.5
HGDP00326,M,Kalash,Pakistan,Pakistan,Central/South Asia,6253.640204,36,71.5
HGDP00364,M,Burusho,Pakistan,Pakistan,Central/South Asia,6475.612264,36.5,74
HGDP00423,M,Burusho,Pakistan,Pakistan,Central/South Asia,6475.612264,36.5,74
HGDP00775,M,Han,China,China,East Asia,10133.39558,32.3,114
HGDP00780,M,Han,China,China,East Asia,10133.39558,32.3,114
HGDP00822,M,Han,China,China,East Asia,10133.39558,32.3,114
HGDP01293,M,Han,China,China,East Asia,10133.39558,32.3,114
HGDP00724,M,Palestinian,Israel (Central),Israel,Middle East,2887.253661,32,35
HGDP00735,F,Palestinian,Israel (Central),Israel,Middle East,2887.253661,32,35
HGDP00047,M,Brahui,Pakistan,Pakistan,Central/South Asia,5842.077841,30.5,66.5
HGDP00070,M,Balochi,Pakistan,Pakistan,Central/South Asia,5842.077841,30.5,66.5
HGDP00094,M,Balochi,Pakistan,Pakistan,Central/South Asia,5842.077841,30.5,66.5
HGDP00110,M,Hazara,Pakistan,Pakistan,Central/South Asia,6132.580278,33.5,70
HGDP00740,F,Palestinian,Israel (Central),Israel,Middle East,2887.253661,32,35
HGDP00122,M,Hazara,Pakistan,Pakistan,Central/South Asia,6132.580278,33.5,70
HGDP00135,M,Makrani,Pakistan,Pakistan,Central/South Asia,5704.994418,26,64
HGDP00150,M,Makrani,Pakistan,Pakistan,Central/South Asia,5704.994418,26,64
HGDP00169,M,Sindhi,Pakistan,Pakistan,Central/South Asia,6201.994706,25.5,69
HGDP00192,F,Sindhi,Pakistan,Pakistan,Central/South Asia,6201.994706,25.5,69
HGDP00216,M,Pathan,Pakistan,Pakistan,Central/South Asia,6178.886689,33.5,70.5
HGDP00241,M,Pathan,Pakistan,Pakistan,Central/South Asia,6178.886689,33.5,70.5
HGDP00267,M,Kalash,Pakistan,Pakistan,Central/South Asia,6253.640204,36,71.5
HGDP00302,M,Kalash,Pakistan,Pakistan,Central/South Asia,6253.640204,36,71.5
HGDP00328,M,Kalash,Pakistan,Pakistan,Central/South Asia,6253.640204,36,71.5
HGDP00371,F,Burusho,Pakistan,Pakistan,Central/South Asia,6475.612264,36.5,74
HGDP00428,M,Burusho,Pakistan,Pakistan,Central/South Asia,6475.612264,36.5,74
HGDP00779,M,Han,China,China,East Asia,10133.39558,32.3,114
HGDP00781,F,Han,China,China,East Asia,10133.39558,32.3,114
HGDP00972,F,Han,China,China,East Asia,10133.39558,32.3,114
HGDP01294,M,Han,China,China,East Asia,10133.39558,32.3,114
HGDP01201,F,Mandenka,Senegal,Central Africa,Africa,5469.912857,12,-12
HGDP01101,M,Tujia,China,China,East Asia,9832.495914,29,109
HGDP01186,M,Yizu,China,China,East Asia,9328.789625,28,103
HGDP01198,F,Miaozu,China,China,East Asia,9875.317612,28,109
HGDP01213,M,Daur,China,China,East Asia,10213.23714,48.5,124
HGDP01225,M,Mongola,China,China,East Asia,9408.954066,45,111
HGDP01237,M,Hezhen,China,China,East Asia,10896.33577,47.5,133.5
HGDP01249,M,Xibo,China,China,East Asia,7110.284347,43.5,81.5
HGDP01305,F,Uygur,China,China,Central/South Asia,7071.966822,44,81
HGDP01102,M,Tujia,China,China,East Asia,9832.495914,29,109
HGDP01187,M,Yizu,China,China,East Asia,9328.789625,28,103
HGDP01214,M,Daur,China,China,East Asia,10213.23714,48.5,124
HGDP01226,M,Mongola,China,China,East Asia,9408.954066,45,111
HGDP01238,F,Hezhen,China,China,East Asia,10896.33577,47.5,133.5
HGDP01250,M,Xibo,China,China,East Asia,7110.284347,43.5,81.5
HGDP01306,F,Uygur,China,China,Central/South Asia,7071.966822,44,81
HGDP00102,M,Hazara,Pakistan,Pakistan,Central/South Asia,6132.580278,33.5,70
HGDP01100,M,Tujia,China,China,East Asia,9832.495914,29,109
HGDP01185,M,Yizu,China,China,East Asia,9328.789625,28,103
HGDP01197,F,Miaozu,China,China,East Asia,9875.317612,28,109
HGDP01212,F,Oroqen,China,China,East Asia,10293.50952,50.4,126.5
HGDP01224,M,Mongola,China,China,East Asia,9408.954066,45,111
HGDP01236,M,Hezhen,China,China,East Asia,10896.33577,47.5,133.5
HGDP01248,M,Xibo,China,China,East Asia,7110.284347,43.5,81.5
HGDP01304,M,Uygur,China,China,Central/South Asia,7071.966822,44,81
HGDP00726,M,Palestinian,Israel (Central),Israel,Middle East,2887.253661,32,35
HGDP00737,F,Palestinian,Israel (Central),Israel,Middle East,2887.253661,32,35
HGDP00003,M,Brahui,Pakistan,Pakistan,Central/South Asia,5842.077841,30.5,66.5
HGDP00027,M,Brahui,Pakistan,Pakistan,Central/South Asia,5842.077841,30.5,66.5
HGDP00052,M,Balochi,Pakistan,Pakistan,Central/South Asia,5842.077841,30.5,66.5
HGDP00074,M,Balochi,Pakistan,Pakistan,Central/South Asia,5842.077841,30.5,66.5
HGDP00098,M,Balochi,Pakistan,Pakistan,Central/South Asia,5842.077841,30.5,66.5
HGDP00112,M,Hazara,Pakistan,Pakistan,Central/South Asia,6132.580278,33.5,70
HGDP00125,M,Hazara,Pakistan,Pakistan,Central/South Asia,6132.580278,33.5,70
HGDP00137,M,Makrani,Pakistan,Pakistan,Central/South Asia,5704.994418,26,64
HGDP00153,F,Makrani,Pakistan,Pakistan,Central/South Asia,5704.994418,26,64
HGDP00173,M,Sindhi,Pakistan,Pakistan,Central/South Asia,6201.994706,25.5,69
HGDP00197,M,Sindhi,Pakistan,Pakistan,Central/South Asia,6201.994706,25.5,69
HGDP00220,M,Pathan,Pakistan,Pakistan,Central/South Asia,6178.886689,33.5,70.5
HGDP00244,F,Pathan,Pakistan,Pakistan,Central/South Asia,6178.886689,33.5,70.5
HGDP00277,M,Kalash,Pakistan,Pakistan,Central/South Asia,6253.640204,36,71.5
HGDP00307,M,Kalash,Pakistan,Pakistan,Central/South Asia,6253.640204,36,71.5
HGDP00333,M,Kalash,Pakistan,Pakistan,Central/South Asia,6253.640204,36,71.5
HGDP00376,M,Burusho,Pakistan,Pakistan,Central/South Asia,6475.612264,36.5,74
HGDP00438,M,Burusho,Pakistan,Pakistan,Central/South Asia,6475.612264,36.5,74
HGDP00815,M,Han,China,China,East Asia,10133.39558,32.3,114
HGDP00785,M,Han,China,China,East Asia,10133.39558,32.3,114
HGDP00976,F,Han,China,China,East Asia,10133.39558,32.3,114
HGDP01296,M,Han,China,China,East Asia,10133.39558,32.3,114
HGDP00115,M,Hazara,Pakistan,Pakistan,Central/South Asia,6132.580278,33.5,70
HGDP00129,M,Hazara,Pakistan,Pakistan,Central/South Asia,6132.580278,33.5,70
HGDP00143,M,Makrani,Pakistan,Pakistan,Central/South Asia,5704.994418,26,64
HGDP00158,M,Makrani,Pakistan,Pakistan,Central/South Asia,5704.994418,26,64
HGDP00181,M,Sindhi,Pakistan,Pakistan,Central/South Asia,6201.994706,25.5,69
HGDP00205,M,Sindhi,Pakistan,Pakistan,Central/South Asia,6201.994706,25.5,69
HGDP00228,M,Pathan,Pakistan,Pakistan,Central/South Asia,6178.886689,33.5,70.5
HGDP00254,M,Pathan,Pakistan,Pakistan,Central/South Asia,6178.886689,33.5,70.5
HGDP00285,M,Kalash,Pakistan,Pakistan,Central/South Asia,6253.640204,36,71.5
HGDP00313,M,Kalash,Pakistan,Pakistan,Central/South Asia,6253.640204,36,71.5
HGDP00341,M,Burusho,Pakistan,Pakistan,Central/South Asia,6475.612264,36.5,74
HGDP00397,M,Burusho,Pakistan,Pakistan,Central/South Asia,6475.612264,36.5,74
HGDP00782,M,Han,China,China,East Asia,10133.39558,32.3,114
HGDP00813,F,Han,China,China,East Asia,10133.39558,32.3,114
HGDP01288,M,Han,China,China,East Asia,10133.39558,32.3,114
HGDP01097,M,Tujia,China,China,East Asia,9832.495914,29,109
HGDP01182,M,Yizu,China,China,East Asia,9328.789625,28,103
HGDP01194,M,Miaozu,China,China,East Asia,9875.317612,28,109
HGDP01209,F,Oroqen,China,China,East Asia,10293.50952,50.4,126.5
HGDP01221,M,Daur,China,China,East Asia,10213.23714,48.5,124
HGDP01245,M,Xibo,China,China,East Asia,7110.284347,43.5,81.5
HGDP01301,M,Uygur,China,China,Central/South Asia,7071.966822,44,81
HGDP00116,M,Hazara,Pakistan,Pakistan,Central/South Asia,6132.580278,33.5,70
HGDP00130,M,Makrani,Pakistan,Pakistan,Central/South Asia,5704.994418,26,64
HGDP00144,M,Makrani,Pakistan,Pakistan,Central/South Asia,5704.994418,26,64
HGDP00160,M,Makrani,Pakistan,Pakistan,Central/South Asia,5704.994418,26,64
HGDP00183,M,Sindhi,Pakistan,Pakistan,Central/South Asia,6201.994706,25.5,69
HGDP00206,F,Sindhi,Pakistan,Pakistan,Central/South Asia,6201.994706,25.5,69
HGDP00230,M,Pathan,Pakistan,Pakistan,Central/South Asia,6178.886689,33.5,70.5
HGDP00258,M,Pathan,Pakistan,Pakistan,Central/South Asia,6178.886689,33.5,70.5
HGDP00286,F,Kalash,Pakistan,Pakistan,Central/South Asia,6253.640204,36,71.5
HGDP00315,M,Kalash,Pakistan,Pakistan,Central/South Asia,6253.640204,36,71.5
HGDP00402,M,Burusho,Pakistan,Pakistan,Central/South Asia,6475.612264,36.5,74
HGDP00783,F,Han,China,China,East Asia,10133.39558,32.3,114
HGDP00774,M,Han,China,China,East Asia,10133.39558,32.3,114
HGDP00817,F,Han,China,China,East Asia,10133.39558,32.3,114
HGDP01289,M,Han,China,China,East Asia,10133.39558,32.3,114
HGDP01098,F,Tujia,China,China,East Asia,9832.495914,29,109
HGDP01183,M,Yizu,China,China,East Asia,9328.789625,28,103
HGDP01195,M,Miaozu,China,China,East Asia,9875.317612,28,109
HGDP01210,M,Oroqen,China,China,East Asia,10293.50952,50.4,126.5
HGDP01222,F,Daur,China,China,East Asia,10213.23714,48.5,124
HGDP01234,F,Hezhen,China,China,East Asia,10896.33577,47.5,133.5
HGDP01246,M,Xibo,China,China,East Asia,7110.284347,43.5,81.5
HGDP01302,M,Uygur,China,China,Central/South Asia,7071.966822,44,81
HGDP00118,M,Hazara,Pakistan,Pakistan,Central/South Asia,6132.580278,33.5,70
HGDP00145,M,Makrani,Pakistan,Pakistan,Central/South Asia,5704.994418,26,64
HGDP00161,M,Makrani,Pakistan,Pakistan,Central/South Asia,5704.994418,26,64
HGDP00185,M,Sindhi,Pakistan,Pakistan,Central/South Asia,6201.994706,25.5,69
HGDP00208,M,Sindhi,Pakistan,Pakistan,Central/South Asia,6201.994706,25.5,69
HGDP00232,F,Pathan,Pakistan,Pakistan,Central/South Asia,6178.886689,33.5,70.5
HGDP00259,M,Pathan,Pakistan,Pakistan,Central/South Asia,6178.886689,33.5,70.5
HGDP00033,M,Brahui,Pakistan,Pakistan,Central/South Asia,5842.077841,30.5,66.5
HGDP00288,M,Kalash,Pakistan,Pakistan,Central/South Asia,6253.640204,36,71.5
HGDP00319,M,Kalash,Pakistan,Pakistan,Central/South Asia,6253.640204,36,71.5
HGDP00351,M,Burusho,Pakistan,Pakistan,Central/South Asia,6475.612264,36.5,74
HGDP00407,M,Burusho,Pakistan,Pakistan,Central/South Asia,6475.612264,36.5,74
HGDP00971,M,Han,China,China,East Asia,10133.39558,32.3,114
HGDP00776,F,Han,China,China,East Asia,10133.39558,32.3,114
HGDP00819,M,Han,China,China,East Asia,10133.39558,32.3,114
HGDP01290,M,Han,China,China,East Asia,10133.39558,32.3,114
HGDP01099,M,Tujia,China,China,East Asia,9832.495914,29,109
HGDP01184,M,Yizu,China,China,East Asia,9328.789625,28,103
HGDP01196,F,Miaozu,China,China,East Asia,9875.317612,28,109
HGDP01211,F,Oroqen,China,China,East Asia,10293.50952,50.4,126.5
HGDP01223,F,Mongola,China,China,East Asia,9408.954066,45,111
HGDP01235,M,Hezhen,China,China,East Asia,10896.33577,47.5,133.5
HGDP01247,M,Xibo,China,China,East Asia,7110.284347,43.5,81.5
HGDP01303,M,Uygur,China,China,Central/South Asia,7071.966822,44,81
HGDP00124,M,Hazara,Pakistan,Pakistan,Central/South Asia,6132.580278,33.5,70
HGDP00136,M,Makrani,Pakistan,Pakistan,Central/South Asia,5704.994418,26,64
HGDP00151,F,Makrani,Pakistan,Pakistan,Central/South Asia,5704.994418,26,64
HGDP00171,M,Sindhi,Pakistan,Pakistan,Central/South Asia,6201.994706,25.5,69
HGDP00195,F,Sindhi,Pakistan,Pakistan,Central/South Asia,6201.994706,25.5,69
HGDP00218,M,Pathan,Pakistan,Pakistan,Central/South Asia,6178.886689,33.5,70.5
HGDP00243,M,Pathan,Pakistan,Pakistan,Central/South Asia,6178.886689,33.5,70.5
HGDP00274,F,Kalash,Pakistan,Pakistan,Central/South Asia,6253.640204,36,71.5
HGDP00304,F,Kalash,Pakistan,Pakistan,Central/South Asia,6253.640204,36,71.5
HGDP00330,M,Kalash,Pakistan,Pakistan,Central/South Asia,6253.640204,36,71.5
HGDP00372,M,Burusho,Pakistan,Pakistan,Central/South Asia,6475.612264,36.5,74
HGDP00433,M,Burusho,Pakistan,Pakistan,Central/South Asia,6475.612264,36.5,74
HGDP00814,F,Han,China,China,East Asia,10133.39558,32.3,114
HGDP00784,F,Han,China,China,East Asia,10133.39558,32.3,114
HGDP00975,F,Han,China,China,East Asia,10133.39558,32.3,114
HGDP01295,M,Han,China,China,East Asia,10133.39558,32.3,114
HGDP01104,M,Tujia,China,China,East Asia,9832.495914,29,109
HGDP01189,M,Miaozu,China,China,East Asia,9875.317612,28,109
HGDP01204,M,Oroqen,China,China,East Asia,10293.50952,50.4,126.5
HGDP01216,M,Daur,China,China,East Asia,10213.23714,48.5,124
HGDP01228,M,Mongola,China,China,East Asia,9408.954066,45,111
HGDP01240,M,Hezhen,China,China,East Asia,10896.33577,47.5,133.5
HGDP01308,M,Dai,China,China,East Asia,9343.955377,21,100
HGDP00057,M,Balochi,Pakistan,Pakistan,Central/South Asia,5842.077841,30.5,66.5
HGDP00127,M,Hazara,Pakistan,Pakistan,Central/South Asia,6132.580278,33.5,70
HGDP00139,M,Makrani,Pakistan,Pakistan,Central/South Asia,5704.994418,26,64
HGDP00154,F,Makrani,Pakistan,Pakistan,Central/South Asia,5704.994418,26,64
HGDP00175,M,Sindhi,Pakistan,Pakistan,Central/South Asia,6201.994706,25.5,69
HGDP00199,M,Sindhi,Pakistan,Pakistan,Central/South Asia,6201.994706,25.5,69
HGDP00222,M,Pathan,Pakistan,Pakistan,Central/South Asia,6178.886689,33.5,70.5
HGDP00279,M,Kalash,Pakistan,Pakistan,Central/South Asia,6253.640204,36,71.5
HGDP00309,M,Kalash,Pakistan,Pakistan,Central/South Asia,6253.640204,36,71.5
HGDP00382,M,Burusho,Pakistan,Pakistan,Central/South Asia,6475.612264,36.5,74
HGDP00444,F,Burusho,Pakistan,Pakistan,Central/South Asia,6475.612264,36.5,74
HGDP00818,F,Han,China,China,East Asia,10133.39558,32.3,114
HGDP00786,M,Han,China,China,East Asia,10133.39558,32.3,114
HGDP00977,M,Han,China,China,East Asia,10133.39558,32.3,114
HGDP01095,M,Tujia,China,China,East Asia,9832.495914,29,109
HGDP00080,M,Balochi,Pakistan,Pakistan,Central/South Asia,5842.077841,30.5,66.5
HGDP01180,M,Yizu,China,China,East Asia,9328.789625,28,103
HGDP01191,M,Miaozu,China,China,East Asia,9875.317612,28,109
HGDP01206,M,Oroqen,China,China,East Asia,10293.50952,50.4,126.5
HGDP01218,M,Daur,China,China,East Asia,10213.23714,48.5,124
HGDP01230,M,Mongola,China,China,East Asia,9408.954066,45,111
HGDP01242,F,Hezhen,China,China,East Asia,10896.33577,47.5,133.5
HGDP01298,M,Uygur,China,China,Central/South Asia,7071.966822,44,81
HGDP01310,M,Dai,China,China,East Asia,9343.955377,21,100
HGDP00128,M,Hazara,Pakistan,Pakistan,Central/South Asia,6132.580278,33.5,70
HGDP00140,M,Makrani,Pakistan,Pakistan,Central/South Asia,5704.994418,26,64
HGDP00155,F,Makrani,Pakistan,Pakistan,Central/South Asia,5704.994418,26,64
HGDP00177,M,Sindhi,Pakistan,Pakistan,Central/South Asia,6201.994706,25.5,69
HGDP00201,M,Sindhi,Pakistan,Pakistan,Central/South Asia,6201.994706,25.5,69
HGDP00224,M,Pathan,Pakistan,Pakistan,Central/South Asia,6178.886689,33.5,70.5
HGDP00281,M,Kalash,Pakistan,Pakistan,Central/South Asia,6253.640204,36,71.5
HGDP00141,M,Makrani,Pakistan,Pakistan,Central/South Asia,5704.994418,26,64
HGDP00157,F,Makrani,Pakistan,Pakistan,Central/South Asia,5704.994418,26,64
HGDP00179,M,Sindhi,Pakistan,Pakistan,Central/South Asia,6201.994706,25.5,69
HGDP00226,M,Pathan,Pakistan,Pakistan,Central/South Asia,6178.886689,33.5,70.5
HGDP00251,M,Pathan,Pakistan,Pakistan,Central/South Asia,6178.886689,33.5,70.5
HGDP01193,M,Miaozu,China,China,East Asia,9875.317612,28,109
HGDP01208,M,Oroqen,China,China,East Asia,10293.50952,50.4,126.5
HGDP01181,M,Yizu,China,China,East Asia,9328.789625,28,103
HGDP01192,M,Miaozu,China,China,East Asia,9875.317612,28,109
HGDP01207,M,Oroqen,China,China,East Asia,10293.50952,50.4,126.5
HGDP01231,F,Mongola,China,China,East Asia,9408.954066,45,111
HGDP01243,M,Xibo,China,China,East Asia,7110.284347,43.5,81.5
HGDP01299,M,Uygur,China,China,Central/South Asia,7071.966822,44,81
HGDP01311,M,Dai,China,China,East Asia,9343.955377,21,100
HGDP00311,M,Kalash,Pakistan,Pakistan,Central/South Asia,6253.640204,36,71.5
HGDP00336,F,Burusho,Pakistan,Pakistan,Central/South Asia,6475.612264,36.5,74
HGDP00388,M,Burusho,Pakistan,Pakistan,Central/South Asia,6475.612264,36.5,74
HGDP00445,M,Burusho,Pakistan,Pakistan,Central/South Asia,6475.612264,36.5,74
HGDP00974,F,Han,China,China,East Asia,10133.39558,32.3,114
HGDP00811,F,Han,China,China,East Asia,10133.39558,32.3,114
HGDP01096,M,Tujia,China,China,East Asia,9832.495914,29,109
HGDP01103,M,Tujia,China,China,East Asia,9832.495914,29,109
HGDP01188,F,Yizu,China,China,East Asia,9328.789625,28,103
HGDP01203,M,Oroqen,China,China,East Asia,10293.50952,50.4,126.5
HGDP01215,F,Daur,China,China,East Asia,10213.23714,48.5,124
HGDP01227,M,Mongola,China,China,East Asia,9408.954066,45,111
HGDP01239,F,Hezhen,China,China,East Asia,10896.33577,47.5,133.5
HGDP01251,F,Xibo,China,China,East Asia,7110.284347,43.5,81.5
HGDP01307,M,Dai,China,China,East Asia,9343.955377,21,100
HGDP01179,M,Yizu,China,China,East Asia,9328.789625,28,103
HGDP01190,M,Miaozu,China,China,East Asia,9875.317612,28,109
HGDP01205,M,Oroqen,China,China,East Asia,10293.50952,50.4,126.5
HGDP01217,M,Daur,China,China,East Asia,10213.23714,48.5,124
HGDP01229,M,Mongola,China,China,East Asia,9408.954066,45,111
HGDP01241,M,Hezhen,China,China,East Asia,10896.33577,47.5,133.5
HGDP01297,M,Uygur,China,China,Central/South Asia,7071.966822,44,81
HGDP01309,M,Dai,China,China,East Asia,9343.955377,21,100
HGDP01312,M,Dai,China,China,East Asia,9343.955377,21,100
HGDP01323,F,Lahu,China,China,East Asia,9299.626366,22,100
HGDP01335,F,She,China,China,East Asia,10817.81249,27,119
HGDP01347,M,Tu,China,China,East Asia,8868.138507,36,101
HGDP00946,M,Yakut,Siberia,Russia,East Asia,9919.809481,63,129.5
HGDP00958,M,Yakut,Siberia,Russia,East Asia,9919.809481,63,129.5
HGDP00747,M,Japanese,Japan,Japan,East Asia,11762.10792,38,138
HGDP00759,M,Japanese,Japan,Japan,East Asia,11762.10792,38,138
HGDP00769,M,Japanese,Japan,Japan,East Asia,11762.10792,38,138
HGDP00712,F,Cambodian,Cambodia,Southeast Asia,East Asia,10260.54741,12,105
HGDP00542,M,Papuan,New Guinea,New Guinea,Oceania,14843.12266,-4,143
HGDP00554,F,Papuan,New Guinea,New Guinea,Oceania,14843.12266,-4,143
HGDP00662,M,NAN Melanesian,Bougainville,Southern Europe,Oceania,16168.51405,-6,155
HGDP01027,F,NAN Melanesian,Bougainville,Southern Europe,Oceania,16168.51405,-6,155
HGDP00521,M,French,France,Southern Europe,Europe,5857.478333,46,2
HGDP00533,M,French,France,Southern Europe,Europe,5857.478333,46,2
HGDP01361,M,French Basque,France,Southern Europe,Europe,6012.260603,43,0
HGDP01372,M,French Basque,France,Southern Europe,Europe,6012.260603,43,0
HGDP00667,F,Sardinian,Italy,Southern Europe,Europe,5305.809561,40,9
HGDP01066,M,Sardinian,Italy,Southern Europe,Europe,5305.809561,40,9
HGDP01078,F,Sardinian,Italy,Southern Europe,Europe,5305.809561,40,9
HGDP01172,F,North Italian,Italy (Bergamo),Southern Europe,Europe,5249.040337,46,10
HGDP00794,F,Orcadian,Orkney Islands,Northern Europe,Europe,6636.685091,59,-3
HGDP00806,F,Orcadian,Orkney Islands,Northern Europe,Europe,6636.685091,59,-3
HGDP01313,M,Dai,China,China,East Asia,9343.955377,21,100
HGDP01324,F,Lahu,China,China,East Asia,9299.626366,22,100
HGDP01336,F,She,China,China,East Asia,10817.81249,27,119
HGDP01348,M,Tu,China,China,East Asia,8868.138507,36,101
HGDP00947,M,Yakut,Siberia,Russia,East Asia,9919.809481,63,129.5
HGDP00959,F,Yakut,Siberia,Russia,East Asia,9919.809481,63,129.5
HGDP00748,M,Japanese,Japan,Japan,East Asia,11762.10792,38,138
HGDP00760,F,Japanese,Japan,Japan,East Asia,11762.10792,38,138
HGDP00770,M,Japanese,Japan,Japan,East Asia,11762.10792,38,138
HGDP00713,F,Cambodian,Cambodia,Southeast Asia,East Asia,10260.54741,12,105
HGDP00543,M,Papuan,New Guinea,New Guinea,Oceania,14843.12266,-4,143
HGDP00555,M,Papuan,New Guinea,New Guinea,Oceania,14843.12266,-4,143
HGDP00663,F,NAN Melanesian,Bougainville,Southern Europe,Oceania,16168.51405,-6,155
HGDP00522,M,French,France,Southern Europe,Europe,5857.478333,46,2
HGDP00534,F,French,France,Southern Europe,Europe,5857.478333,46,2
HGDP01220,M,Daur,China,China,East Asia,10213.23714,48.5,124
HGDP01362,M,French Basque,France,Southern Europe,Europe,6012.260603,43,0
HGDP01373,F,French Basque,France,Southern Europe,Europe,6012.260603,43,0
HGDP00668,M,Sardinian,Italy,Southern Europe,Europe,5305.809561,40,9
HGDP01067,M,Sardinian,Italy,Southern Europe,Europe,5305.809561,40,9
HGDP01079,M,Sardinian,Italy,Southern Europe,Europe,5305.809561,40,9
HGDP01173,M,North Italian,Italy (Bergamo),Southern Europe,Europe,5249.040337,46,10
HGDP00795,M,Orcadian,Orkney Islands,Northern Europe,Europe,6636.685091,59,-3
HGDP00807,M,Orcadian,Orkney Islands,Northern Europe,Europe,6636.685091,59,-3
HGDP01314,F,Dai,China,China,East Asia,9343.955377,21,100
HGDP01325,F,Lahu,China,China,East Asia,9299.626366,22,100
HGDP01337,M,Naxi,China,China,East Asia,9131.367263,26,100
HGDP01349,M,Tu,China,China,East Asia,8868.138507,36,101
HGDP00948,M,Yakut,Siberia,Russia,East Asia,9919.809481,63,129.5
HGDP00960,M,Yakut,Siberia,Russia,East Asia,9919.809481,63,129.5
HGDP00749,M,Japanese,Japan,Japan,East Asia,11762.10792,38,138
HGDP00761,F,Japanese,Japan,Japan,East Asia,11762.10792,38,138
HGDP00771,F,Japanese,Japan,Japan,East Asia,11762.10792,38,138
HGDP00714,M,Cambodian,Cambodia,Southeast Asia,East Asia,10260.54741,12,105
HGDP00544,F,Papuan,New Guinea,New Guinea,Oceania,14843.12266,-4,143
HGDP00556,M,Papuan,New Guinea,New Guinea,Oceania,14843.12266,-4,143
HGDP00664,F,NAN Melanesian,Bougainville,Southern Europe,Oceania,16168.51405,-6,155
HGDP00511,M,French,France,Southern Europe,Europe,5857.478333,46,2
HGDP00523,F,French,France,Southern Europe,Europe,5857.478333,46,2
HGDP00535,F,French,France,Southern Europe,Europe,5857.478333,46,2
HGDP01363,F,French Basque,France,Southern Europe,Europe,6012.260603,43,0
HGDP01374,M,French Basque,France,Southern Europe,Europe,6012.260603,43,0
HGDP00669,F,Sardinian,Italy,Southern Europe,Europe,5305.809561,40,9
HGDP01068,F,Sardinian,Italy,Southern Europe,Europe,5305.809561,40,9
HGDP01147,M,North Italian,Italy (Bergamo),Southern Europe,Europe,5249.040337,46,10
HGDP01174,M,North Italian,Italy (Bergamo),Southern Europe,Europe,5249.040337,46,10
HGDP00796,F,Orcadian,Orkney Islands,Northern Europe,Europe,6636.685091,59,-3
HGDP00808,M,Orcadian,Orkney Islands,Northern Europe,Europe,6636.685091,59,-3
HGDP01315,F,Dai,China,China,East Asia,9343.955377,21,100
HGDP01326,M,Lahu,China,China,East Asia,9299.626366,22,100
HGDP01338,M,Naxi,China,China,East Asia,9131.367263,26,100
HGDP01350,M,Tu,China,China,East Asia,8868.138507,36,101
HGDP00949,M,Yakut,Siberia,Russia,East Asia,9919.809481,63,129.5
HGDP00961,M,Yakut,Siberia,Russia,East Asia,9919.809481,63,129.5
HGDP00750,M,Japanese,Japan,Japan,East Asia,11762.10792,38,138
HGDP00762,M,Japanese,Japan,Japan,East Asia,11762.10792,38,138
HGDP00772,F,Japanese,Japan,Japan,East Asia,11762.10792,38,138
HGDP00715,M,Cambodian,Cambodia,Southeast Asia,East Asia,10260.54741,12,105
HGDP00545,M,Papuan,New Guinea,New Guinea,Oceania,14843.12266,-4,143
HGDP00490,M,NAN Melanesian,Bougainville,Southern Europe,Oceania,16168.51405,-6,155
HGDP00787,F,NAN Melanesian,Bougainville,Southern Europe,Oceania,16168.51405,-6,155
HGDP00512,M,French,France,Southern Europe,Europe,5857.478333,46,2
HGDP00524,F,French,France,Southern Europe,Europe,5857.478333,46,2
HGDP00536,F,French,France,Southern Europe,Europe,5857.478333,46,2
HGDP00338,F,Burusho,Pakistan,Pakistan,Central/South Asia,6475.612264,36.5,74
HGDP00392,M,Burusho,Pakistan,Pakistan,Central/South Asia,6475.612264,36.5,74
HGDP01023,F,Han,China,China,East Asia,10133.39558,32.3,114
HGDP00812,F,Han,China,China,East Asia,10133.39558,32.3,114
HGDP01287,F,Han,China,China,East Asia,10133.39558,32.3,114
HGDP00625,M,Bedouin,Israel (Negev),Israel,Middle East,2844.946131,31,35
HGDP01316,F,Dai,China,China,East Asia,9343.955377,21,100
HGDP01327,M,She,China,China,East Asia,10817.81249,27,119
HGDP01339,M,Naxi,China,China,East Asia,9131.367263,26,100
HGDP01351,M,Tu,China,China,East Asia,8868.138507,36,101
HGDP00950,M,Yakut,Siberia,Russia,East Asia,9919.809481,63,129.5
HGDP00962,M,Yakut,Siberia,Russia,East Asia,9919.809481,63,129.5
HGDP00751,M,Japanese,Japan,Japan,East Asia,11762.10792,38,138
HGDP00763,M,Japanese,Japan,Japan,East Asia,11762.10792,38,138
HGDP00773,F,Japanese,Japan,Japan,East Asia,11762.10792,38,138
HGDP00716,M,Cambodian,Cambodia,Southeast Asia,East Asia,10260.54741,12,105
HGDP00546,M,Papuan,New Guinea,New Guinea,Oceania,14843.12266,-4,143
HGDP00491,M,NAN Melanesian,Bougainville,Southern Europe,Oceania,16168.51405,-6,155
HGDP00788,M,NAN Melanesian,Bougainville,Southern Europe,Oceania,16168.51405,-6,155
HGDP00513,F,French,France,Southern Europe,Europe,5857.478333,46,2
HGDP00525,M,French,France,Southern Europe,Europe,5857.478333,46,2
HGDP00537,F,French,France,Southern Europe,Europe,5857.478333,46,2
HGDP01334,F,She,China,China,East Asia,10817.81249,27,119
HGDP01346,F,Naxi,China,China,East Asia,9131.367263,26,100
HGDP00945,M,Yakut,Siberia,Russia,East Asia,9919.809481,63,129.5
HGDP00957,F,Yakut,Siberia,Russia,East Asia,9919.809481,63,129.5
HGDP00969,M,Yakut,Siberia,Russia,East Asia,9919.809481,63,129.5
HGDP00758,M,Japanese,Japan,Japan,East Asia,11762.10792,38,138
HGDP01317,M,Lahu,China,China,East Asia,9299.626366,22,100
HGDP01328,M,She,China,China,East Asia,10817.81249,27,119
HGDP01340,M,Naxi,China,China,East Asia,9131.367263,26,100
HGDP01352,M,Tu,China,China,East Asia,8868.138507,36,101
HGDP00951,M,Yakut,Siberia,Russia,East Asia,9919.809481,63,129.5
HGDP00963,F,Yakut,Siberia,Russia,East Asia,9919.809481,63,129.5
HGDP00752,M,Japanese,Japan,Japan,East Asia,11762.10792,38,138
HGDP00764,M,Japanese,Japan,Japan,East Asia,11762.10792,38,138
HGDP00790,M,Japanese,Japan,Japan,East Asia,11762.10792,38,138
HGDP00717,M,Cambodian,Cambodia,Southeast Asia,East Asia,10260.54741,12,105
HGDP00547,M,Papuan,New Guinea,New Guinea,Oceania,14843.12266,-4,143
HGDP00655,M,NAN Melanesian,Bougainville,Southern Europe,Oceania,16168.51405,-6,155
HGDP00789,M,NAN Melanesian,Bougainville,Southern Europe,Oceania,16168.51405,-6,155
HGDP00514,F,French,France,Southern Europe,Europe,5857.478333,46,2
HGDP00526,F,French,France,Southern Europe,Europe,5857.478333,46,2
HGDP00538,M,French,France,Southern Europe,Europe,5857.478333,46,2
HGDP01370,M,French Basque,France,Southern Europe,Europe,6012.260603,43,0
HGDP01063,M,Sardinian,Italy,Southern Europe,Europe,5305.809561,40,9
HGDP01075,M,Sardinian,Italy,Southern Europe,Europe,5305.809561,40,9
HGDP01156,F,North Italian,Italy (Bergamo),Southern Europe,Europe,5249.040337,46,10
HGDP01167,M,Tuscan,Italy,Southern Europe,Europe,5118.374166,43,11
HGDP00803,M,Orcadian,Orkney Islands,Northern Europe,Europe,6636.685091,59,-3
HGDP01385,M,Adygei,Russia Caucasus,Russia,Europe,4155.030463,44,39
HGDP00023,M,Brahui,Pakistan,Pakistan,Central/South Asia,5842.077841,30.5,66.5
HGDP01318,M,Lahu,China,China,East Asia,9299.626366,22,100
HGDP01329,M,She,China,China,East Asia,10817.81249,27,119
HGDP01341,M,Naxi,China,China,East Asia,9131.367263,26,100
HGDP01353,M,Tu,China,China,East Asia,8868.138507,36,101
HGDP00952,M,Yakut,Siberia,Russia,East Asia,9919.809481,63,129.5
HGDP00964,M,Yakut,Siberia,Russia,East Asia,9919.809481,63,129.5
HGDP00753,M,Japanese,Japan,Japan,East Asia,11762.10792,38,138
HGDP00765,F,Japanese,Japan,Japan,East Asia,11762.10792,38,138
HGDP00791,M,Japanese,Japan,Japan,East Asia,11762.10792,38,138
HGDP00718,F,Cambodian,Cambodia,Southeast Asia,East Asia,10260.54741,12,105
HGDP00548,M,Papuan,New Guinea,New Guinea,Oceania,14843.12266,-4,143
HGDP00656,F,NAN Melanesian,Bougainville,Southern Europe,Oceania,16168.51405,-6,155
HGDP00823,M,NAN Melanesian,Bougainville,Southern Europe,Oceania,16168.51405,-6,155
HGDP00515,M,French,France,Southern Europe,Europe,5857.478333,46,2
HGDP00527,F,French,France,Southern Europe,Europe,5857.478333,46,2
HGDP00539,F,French,France,Southern Europe,Europe,5857.478333,46,2
HGDP01388,F,Adygei,Russia Caucasus,Russia,Europe,4155.030463,44,39
HGDP00880,M,Russian,Russia,Russia,Europe,6066.983867,61,40
HGDP00892,M,Russian,Russia,Russia,Europe,6066.983867,61,40
HGDP01048,F,Pima,Mexico,Central America,America,18015.789,29,-108
HGDP01060,M,Pima,Mexico,Central America,America,18015.789,29,-108
HGDP00864,F,Maya,Mexico,Central America,America,19825.71383,19,-91
HGDP00876,F,Maya,Mexico,Central America,America,19825.71383,19,-91
HGDP00541,M,Papuan,New Guinea,New Guinea,Oceania,14843.12266,-4,143
HGDP00553,M,Papuan,New Guinea,New Guinea,Oceania,14843.12266,-4,143
HGDP00661,F,NAN Melanesian,Bougainville,Southern Europe,Oceania,16168.51405,-6,155
HGDP00979,F,NAN Melanesian,Bougainville,Southern Europe,Oceania,16168.51405,-6,155
HGDP00520,F,French,France,Southern Europe,Europe,5857.478333,46,2
HGDP00532,F,French,France,Southern Europe,Europe,5857.478333,46,2
HGDP01321,M,Lahu,China,China,East Asia,9299.626366,22,100
HGDP01332,M,She,China,China,East Asia,10817.81249,27,119
HGDP01356,F,Tu,China,China,East Asia,8868.138507,36,101
HGDP00955,F,Yakut,Siberia,Russia,East Asia,9919.809481,63,129.5
HGDP00967,F,Yakut,Siberia,Russia,East Asia,9919.809481,63,129.5
HGDP00756,F,Japanese,Japan,Japan,East Asia,11762.10792,38,138
HGDP01366,F,French Basque,France,Southern Europe,Europe,6012.260603,43,0
HGDP01377,M,French Basque,France,Southern Europe,Europe,6012.260603,43,0
HGDP00672,F,Sardinian,Italy,Southern Europe,Europe,5305.809561,40,9
HGDP01071,M,Sardinian,Italy,Southern Europe,Europe,5305.809561,40,9
HGDP01152,M,North Italian,Italy (Bergamo),Southern Europe,Europe,5249.040337,46,10
HGDP01162,M,Tuscan,Italy,Southern Europe,Europe,5118.374166,43,11
HGDP00799,F,Orcadian,Orkney Islands,Northern Europe,Europe,6636.685091,59,-3
HGDP01381,F,Adygei,Russia Caucasus,Russia,Europe,4155.030463,44,39
HGDP00708,F,Colombian,Colombia,South America,America,22857.10218,3,-68
HGDP00998,M,Karitiana,Brazil,South America,America,24212.17729,-10,-63
HGDP01011,F,Karitiana,Brazil,South America,America,24212.17729,-10,-63
HGDP00833,F,Surui,Brazil,South America,America,24367.92263,-11,-62
HGDP00846,F,Surui,Brazil,South America,America,24367.92263,-11,-62
HGDP01010,F,Karitiana,Brazil,South America,America,24212.17729,-10,-63
HGDP00832,F,Surui,Brazil,South America,America,24367.92263,-11,-62
HGDP00845,M,Surui,Brazil,South America,America,24367.92263,-11,-62
HGDP01320,M,Lahu,China,China,East Asia,9299.626366,22,100
HGDP01331,M,She,China,China,East Asia,10817.81249,27,119
HGDP01343,M,Naxi,China,China,East Asia,9131.367263,26,100
HGDP01355,F,Tu,China,China,East Asia,8868.138507,36,101
HGDP00954,M,Yakut,Siberia,Russia,East Asia,9919.809481,63,129.5
HGDP00966,F,Yakut,Siberia,Russia,East Asia,9919.809481,63,129.5
HGDP00755,M,Japanese,Japan,Japan,East Asia,11762.10792,38,138
HGDP00767,M,Japanese,Japan,Japan,East Asia,11762.10792,38,138
HGDP00720,M,Cambodian,Cambodia,Southeast Asia,East Asia,10260.54741,12,105
HGDP00550,F,Papuan,New Guinea,New Guinea,Oceania,14843.12266,-4,143
HGDP00658,F,NAN Melanesian,Bougainville,Southern Europe,Oceania,16168.51405,-6,155
HGDP00825,F,NAN Melanesian,Bougainville,Southern Europe,Oceania,16168.51405,-6,155
HGDP00517,F,French,France,Southern Europe,Europe,5857.478333,46,2
HGDP00529,F,French,France,Southern Europe,Europe,5857.478333,46,2
HGDP01358,M,French Basque,France,Southern Europe,Europe,6012.260603,43,0
HGDP00709,M,Colombian,Colombia,South America,America,22857.10218,3,-68
HGDP00999,F,Karitiana,Brazil,South America,America,24212.17729,-10,-63
HGDP01012,M,Karitiana,Brazil,South America,America,24212.17729,-10,-63
HGDP00834,M,Surui,Brazil,South America,America,24367.92263,-11,-62
HGDP00847,M,Surui,Brazil,South America,America,24367.92263,-11,-62
HGDP00666,M,Sardinian,Italy,Southern Europe,Europe,5305.809561,40,9
HGDP01065,F,Sardinian,Italy,Southern Europe,Europe,5305.809561,40,9
HGDP01077,M,Sardinian,Italy,Southern Europe,Europe,5305.809561,40,9
HGDP00711,M,Cambodian,Cambodia,Southeast Asia,East Asia,10260.54741,12,105
HGDP00540,M,Papuan,New Guinea,New Guinea,Oceania,14843.12266,-4,143
HGDP00552,F,Papuan,New Guinea,New Guinea,Oceania,14843.12266,-4,143
HGDP00978,F,NAN Melanesian,Bougainville,Southern Europe,Oceania,16168.51405,-6,155
HGDP00519,M,French,France,Southern Europe,Europe,5857.478333,46,2
HGDP00531,F,French,France,Southern Europe,Europe,5857.478333,46,2
HGDP01360,M,French Basque,France,Southern Europe,Europe,6012.260603,43,0
HGDP01367,F,French Basque,France,Southern Europe,Europe,6012.260603,43,0
HGDP01378,M,French Basque,France,Southern Europe,Europe,6012.260603,43,0
HGDP00673,F,Sardinian,Italy,Southern Europe,Europe,5305.809561,40,9
HGDP01072,F,Sardinian,Italy,Southern Europe,Europe,5305.809561,40,9
HGDP01153,M,North Italian,Italy (Bergamo),Southern Europe,Europe,5249.040337,46,10
HGDP01163,M,Tuscan,Italy,Southern Europe,Europe,5118.374166,43,11
HGDP00800,F,Orcadian,Orkney Islands,Northern Europe,Europe,6636.685091,59,-3
HGDP01382,F,Adygei,Russia Caucasus,Russia,Europe,4155.030463,44,39
HGDP00710,M,Colombian,Colombia,South America,America,22857.10218,3,-68
HGDP01000,M,Karitiana,Brazil,South America,America,24212.17729,-10,-63
HGDP01013,M,Karitiana,Brazil,South America,America,24212.17729,-10,-63
HGDP00835,M,Surui,Brazil,South America,America,24367.92263,-11,-62
HGDP00848,F,Surui,Brazil,South America,America,24367.92263,-11,-62
HGDP01171,F,North Italian,Italy (Bergamo),Southern Europe,Europe,5249.040337,46,10
HGDP01169,F,Tuscan,Italy,Southern Europe,Europe,5118.374166,43,11
HGDP00805,F,Orcadian,Orkney Islands,Northern Europe,Europe,6636.685091,59,-3
HGDP01368,F,French Basque,France,Southern Europe,Europe,6012.260603,43,0
HGDP01379,M,French Basque,France,Southern Europe,Europe,6012.260603,43,0
HGDP00674,M,Sardinian,Italy,Southern Europe,Europe,5305.809561,40,9
HGDP01073,M,Sardinian,Italy,Southern Europe,Europe,5305.809561,40,9
HGDP01154,M,North Italian,Italy (Bergamo),Southern Europe,Europe,5249.040337,46,10
HGDP01164,M,Tuscan,Italy,Southern Europe,Europe,5118.374166,43,11
HGDP00801,F,Orcadian,Orkney Islands,Northern Europe,Europe,6636.685091,59,-3
HGDP01383,M,Adygei,Russia Caucasus,Russia,Europe,4155.030463,44,39
HGDP01387,F,Adygei,Russia Caucasus,Russia,Europe,4155.030463,44,39
HGDP00879,M,Russian,Russia,Russia,Europe,6066.983867,61,40
HGDP00891,M,Russian,Russia,Russia,Europe,6066.983867,61,40
HGDP00903,F,Russian,Russia,Russia,Europe,6066.983867,61,40
HGDP01047,M,Pima,Mexico,Central America,America,18015.789,29,-108
HGDP01059,M,Pima,Mexico,Central America,America,18015.789,29,-108
HGDP00863,F,Maya,Mexico,Central America,America,19825.71383,19,-91
HGDP00875,F,Maya,Mexico,Central America,America,19825.71383,19,-91
HGDP00792,M,Colombian,Colombia,South America,America,22857.10218,3,-68
HGDP01001,F,Karitiana,Brazil,South America,America,24212.17729,-10,-63
HGDP01014,F,Karitiana,Brazil,South America,America,24212.17729,-10,-63
HGDP00837,M,Surui,Brazil,South America,America,24367.92263,-11,-62
HGDP00849,M,Surui,Brazil,South America,America,24367.92263,-11,-62
HGDP01232,F,Mongola,China,China,East Asia,9408.954066,45,111
HGDP01244,M,Xibo,China,China,East Asia,7110.284347,43.5,81.5
HGDP01300,M,Uygur,China,China,Central/South Asia,7071.966822,44,81
HGDP01405,M,Bantu,Kenya,Central Africa,Africa,2730.422,-3,37
HGDP01419,M,Bantu,Kenya,Central Africa,Africa,2730.422,-3,37
HGDP01033,M,Bantu,South Africa,South Africa,Africa,2730.422,-3,37
HGDP01260,M,Mozabite,Algeria (Mzab),Northern Africa,Middle East,4418.170045,32,3
HGDP01272,M,Mozabite,Algeria (Mzab),Northern Africa,Middle East,4418.170045,32,3
HGDP00608,M,Bedouin,Israel (Negev),Israel,Middle East,2844.946131,31,35
HGDP00620,M,Bedouin,Israel (Negev),Israel,Middle East,2844.946131,31,35
HGDP00632,F,Bedouin,Israel (Negev),Israel,Middle East,2844.946131,31,35
HGDP01369,F,French Basque,France,Southern Europe,Europe,6012.260603,43,0
HGDP01380,F,French Basque,France,Southern Europe,Europe,6012.260603,43,0
HGDP01062,F,Sardinian,Italy,Southern Europe,Europe,5305.809561,40,9
HGDP01074,F,Sardinian,Italy,Southern Europe,Europe,5305.809561,40,9
HGDP01155,M,North Italian,Italy (Bergamo),Southern Europe,Europe,5249.040337,46,10
HGDP01166,M,Tuscan,Italy,Southern Europe,Europe,5118.374166,43,11
HGDP00802,F,Orcadian,Orkney Islands,Northern Europe,Europe,6636.685091,59,-3
HGDP01384,F,Adygei,Russia Caucasus,Russia,Europe,4155.030463,44,39
HGDP00793,F,Colombian,Colombia,South America,America,22857.10218,3,-68
HGDP01003,F,Karitiana,Brazil,South America,America,24212.17729,-10,-63
HGDP01015,M,Karitiana,Brazil,South America,America,24212.17729,-10,-63
HGDP00838,F,Surui,Brazil,South America,America,24367.92263,-11,-62
HGDP00850,F,Surui,Brazil,South America,America,24367.92263,-11,-62
HGDP00890,M,Russian,Russia,Russia,Europe,6066.983867,61,40
HGDP00902,F,Russian,Russia,Russia,Europe,6066.983867,61,40
HGDP01046,F,Pima,Mexico,Central America,America,18015.789,29,-108
HGDP01371,M,French Basque,France,Southern Europe,Europe,6012.260603,43,0
HGDP00665,M,Sardinian,Italy,Southern Europe,Europe,5305.809561,40,9
HGDP01064,F,Sardinian,Italy,Southern Europe,Europe,5305.809561,40,9
HGDP01076,M,Sardinian,Italy,Southern Europe,Europe,5305.809561,40,9
HGDP01157,F,North Italian,Italy (Bergamo),Southern Europe,Europe,5249.040337,46,10
HGDP01168,F,Tuscan,Italy,Southern Europe,Europe,5118.374166,43,11
HGDP00804,M,Orcadian,Orkney Islands,Northern Europe,Europe,6636.685091,59,-3
HGDP01386,F,Adygei,Russia Caucasus,Russia,Europe,4155.030463,44,39
HGDP01396,M,Adygei,Russia Caucasus,Russia,Europe,4155.030463,44,39
HGDP00881,F,Russian,Russia,Russia,Europe,6066.983867,61,40
HGDP00893,M,Russian,Russia,Russia,Europe,6066.983867,61,40
HGDP01037,M,Pima,Mexico,Central America,America,18015.789,29,-108
HGDP01049,F,Pima,Mexico,Central America,America,18015.789,29,-108
HGDP01061,M,Pima,Mexico,Central America,America,18015.789,29,-108
HGDP00865,F,Maya,Mexico,Central America,America,19825.71383,19,-91
HGDP00877,M,Maya,Mexico,Central America,America,19825.71383,19,-91
HGDP00827,F,Colombian,Colombia,South America,America,22857.10218,3,-68
HGDP01004,M,Karitiana,Brazil,South America,America,24212.17729,-10,-63
HGDP01016,F,Karitiana,Brazil,South America,America,24212.17729,-10,-63
HGDP00839,M,Surui,Brazil,South America,America,24367.92263,-11,-62
HGDP00851,M,Surui,Brazil,South America,America,24367.92263,-11,-62
HGDP01058,F,Pima,Mexico,Central America,America,18015.789,29,-108
HGDP00862,F,Maya,Mexico,Central America,America,19825.71383,19,-91
HGDP00874,F,Maya,Mexico,Central America,America,19825.71383,19,-91
HGDP01417,M,Bantu,Kenya,Central Africa,Africa,2730.422,-3,37
HGDP01030,M,Bantu,South Africa,South Africa,Africa,2730.422,-3,37
HGDP01258,M,Mozabite,Algeria (Mzab),Northern Africa,Middle East,4418.170045,32,3
HGDP01270,F,Mozabite,Algeria (Mzab),Northern Africa,Middle East,4418.170045,32,3
HGDP01282,M,Mozabite,Algeria (Mzab),Northern Africa,Middle East,4418.170045,32,3
HGDP00618,M,Bedouin,Israel (Negev),Israel,Middle East,2844.946131,31,35
HGDP00630,M,Bedouin,Israel (Negev),Israel,Middle East,2844.946131,31,35
HGDP01406,M,Bantu,Kenya,Central Africa,Africa,2730.422,-3,37
HGDP01028,M,Bantu,South Africa,South Africa,Africa,2730.422,-3,37
HGDP01261,M,Mozabite,Algeria (Mzab),Northern Africa,Middle East,4418.170045,32,3
HGDP01273,F,Mozabite,Algeria (Mzab),Northern Africa,Middle East,4418.170045,32,3
HGDP00609,M,Bedouin,Israel (Negev),Israel,Middle East,2844.946131,31,35
HGDP00621,M,Bedouin,Israel (Negev),Israel,Middle East,2844.946131,31,35
HGDP00633,F,Bedouin,Israel (Negev),Israel,Middle East,2844.946131,31,35
HGDP01322,M,Lahu,China,China,East Asia,9299.626366,22,100
HGDP01333,M,She,China,China,East Asia,10817.81249,27,119
HGDP01345,F,Naxi,China,China,East Asia,9131.367263,26,100
HGDP00956,F,Yakut,Siberia,Russia,East Asia,9919.809481,63,129.5
HGDP00968,M,Yakut,Siberia,Russia,East Asia,9919.809481,63,129.5
HGDP00757,M,Japanese,Japan,Japan,East Asia,11762.10792,38,138
HGDP00768,M,Japanese,Japan,Japan,East Asia,11762.10792,38,138
HGDP00843,M,Surui,Brazil,South America,America,24367.92263,-11,-62
HGDP01397,M,Adygei,Russia Caucasus,Russia,Europe,4155.030463,44,39
HGDP00882,M,Russian,Russia,Russia,Europe,6066.983867,61,40
HGDP00894,M,Russian,Russia,Russia,Europe,6066.983867,61,40
HGDP01038,F,Pima,Mexico,Central America,America,18015.789,29,-108
HGDP01050,M,Pima,Mexico,Central America,America,18015.789,29,-108
HGDP00854,F,Maya,Mexico,Central America,America,19825.71383,19,-91
HGDP00866,F,Maya,Mexico,Central America,America,19825.71383,19,-91
HGDP00878,M,Maya,Mexico,Central America,America,19825.71383,19,-91
HGDP01399,F,Adygei,Russia Caucasus,Russia,Europe,4155.030463,44,39
HGDP00884,F,Russian,Russia,Russia,Europe,6066.983867,61,40
HGDP00896,M,Russian,Russia,Russia,Europe,6066.983867,61,40
HGDP01040,M,Pima,Mexico,Central America,America,18015.789,29,-108
HGDP01052,M,Pima,Mexico,Central America,America,18015.789,29,-108
HGDP00856,M,Maya,Mexico,Central America,America,19825.71383,19,-91
HGDP00868,F,Maya,Mexico,Central America,America,19825.71383,19,-91
HGDP00702,F,Colombian,Colombia,South America,America,22857.10218,3,-68
HGDP00970,F,Colombian,Colombia,South America,America,22857.10218,3,-68
HGDP01005,M,Karitiana,Brazil,South America,America,24212.17729,-10,-63
HGDP01017,F,Karitiana,Brazil,South America,America,24212.17729,-10,-63
HGDP00840,F,Surui,Brazil,South America,America,24367.92263,-11,-62
HGDP00852,F,Surui,Brazil,South America,America,24367.92263,-11,-62
HGDP01006,F,Karitiana,Brazil,South America,America,24212.17729,-10,-63
HGDP01018,F,Karitiana,Brazil,South America,America,24212.17729,-10,-63
HGDP00841,F,Surui,Brazil,South America,America,24367.92263,-11,-62
HGDP00996,F,Karitiana,Brazil,South America,America,24212.17729,-10,-63
HGDP01008,F,Karitiana,Brazil,South America,America,24212.17729,-10,-63
HGDP00721,F,Cambodian,Cambodia,Southeast Asia,East Asia,10260.54741,12,105
HGDP00551,M,Papuan,New Guinea,New Guinea,Oceania,14843.12266,-4,143
HGDP00518,M,French,France,Southern Europe,Europe,5857.478333,46,2
HGDP00530,M,French,France,Southern Europe,Europe,5857.478333,46,2
HGDP01359,M,French Basque,France,Southern Europe,Europe,6012.260603,43,0
HGDP01400,F,Adygei,Russia Caucasus,Russia,Europe,4155.030463,44,39
HGDP00885,F,Russian,Russia,Russia,Europe,6066.983867,61,40
HGDP00897,M,Russian,Russia,Russia,Europe,6066.983867,61,40
HGDP01041,F,Pima,Mexico,Central America,America,18015.789,29,-108
HGDP01053,F,Pima,Mexico,Central America,America,18015.789,29,-108
HGDP00857,F,Maya,Mexico,Central America,America,19825.71383,19,-91
HGDP00869,F,Maya,Mexico,Central America,America,19825.71383,19,-91
HGDP00703,M,Colombian,Colombia,South America,America,22857.10218,3,-68
HGDP00995,F,Karitiana,Brazil,South America,America,24212.17729,-10,-63
HGDP01007,F,Karitiana,Brazil,South America,America,24212.17729,-10,-63
HGDP01019,M,Karitiana,Brazil,South America,America,24212.17729,-10,-63
HGDP00842,M,Surui,Brazil,South America,America,24367.92263,-11,-62
HGDP00997,M,Karitiana,Brazil,South America,America,24212.17729,-10,-63
HGDP01009,M,Karitiana,Brazil,South America,America,24212.17729,-10,-63
HGDP00830,F,Surui,Brazil,South America,America,24367.92263,-11,-62
HGDP00844,M,Surui,Brazil,South America,America,24367.92263,-11,-62
HGDP00346,M,Burusho,Pakistan,Pakistan,Central/South Asia,6475.612264,36.5,74
HGDP00203,M,Sindhi,Pakistan,Pakistan,Central/South Asia,6201.994706,25.5,69
HGDP01364,M,French Basque,France,Southern Europe,Europe,6012.260603,43,0
HGDP01375,M,French Basque,France,Southern Europe,Europe,6012.260603,43,0
HGDP00670,M,Sardinian,Italy,Southern Europe,Europe,5305.809561,40,9
HGDP01069,M,Sardinian,Italy,Southern Europe,Europe,5305.809561,40,9
HGDP01177,F,North Italian,Italy (Bergamo),Southern Europe,Europe,5249.040337,46,10
HGDP00797,F,Orcadian,Orkney Islands,Northern Europe,Europe,6636.685091,59,-3
HGDP00810,M,Orcadian,Orkney Islands,Northern Europe,Europe,6636.685091,59,-3
HGDP01401,F,Adygei,Russia Caucasus,Russia,Europe,4155.030463,44,39
HGDP00886,M,Russian,Russia,Russia,Europe,6066.983867,61,40
HGDP00898,F,Russian,Russia,Russia,Europe,6066.983867,61,40
HGDP01042,M,Pima,Mexico,Central America,America,18015.789,29,-108
HGDP01054,F,Pima,Mexico,Central America,America,18015.789,29,-108
HGDP00858,F,Maya,Mexico,Central America,America,19825.71383,19,-91
HGDP00870,F,Maya,Mexico,Central America,America,19825.71383,19,-91
HGDP00704,F,Colombian,Colombia,South America,America,22857.10218,3,-68
HGDP01402,M,Adygei,Russia Caucasus,Russia,Europe,4155.030463,44,39
HGDP00887,M,Russian,Russia,Russia,Europe,6066.983867,61,40
HGDP00899,F,Russian,Russia,Russia,Europe,6066.983867,61,40
HGDP01043,M,Pima,Mexico,Central America,America,18015.789,29,-108
HGDP01055,M,Pima,Mexico,Central America,America,18015.789,29,-108
HGDP00859,F,Maya,Mexico,Central America,America,19825.71383,19,-91
HGDP00871,F,Maya,Mexico,Central America,America,19825.71383,19,-91
HGDP00705,M,Colombian,Colombia,South America,America,22857.10218,3,-68
HGDP01398,F,Adygei,Russia Caucasus,Russia,Europe,4155.030463,44,39
HGDP00883,M,Russian,Russia,Russia,Europe,6066.983867,61,40
HGDP00895,M,Russian,Russia,Russia,Europe,6066.983867,61,40
HGDP01039,M,Pima,Mexico,Central America,America,18015.789,29,-108
HGDP01051,F,Pima,Mexico,Central America,America,18015.789,29,-108
HGDP00855,F,Maya,Mexico,Central America,America,19825.71383,19,-91
HGDP00867,F,Maya,Mexico,Central America,America,19825.71383,19,-91
HGDP01403,M,Adygei,Russia Caucasus,Russia,Europe,4155.030463,44,39
HGDP00888,M,Russian,Russia,Russia,Europe,6066.983867,61,40
HGDP00900,M,Russian,Russia,Russia,Europe,6066.983867,61,40
HGDP01044,F,Pima,Mexico,Central America,America,18015.789,29,-108
HGDP01056,F,Pima,Mexico,Central America,America,18015.789,29,-108
HGDP00860,F,Maya,Mexico,Central America,America,19825.71383,19,-91
HGDP00872,F,Maya,Mexico,Central America,America,19825.71383,19,-91
HGDP00706,F,Colombian,Colombia,South America,America,22857.10218,3,-68
HGDP00901,F,Russian,Russia,Russia,Europe,6066.983867,61,40
HGDP01045,M,Pima,Mexico,Central America,America,18015.789,29,-108
HGDP01057,M,Pima,Mexico,Central America,America,18015.789,29,-108
HGDP00861,F,Maya,Mexico,Central America,America,19825.71383,19,-91
HGDP00873,F,Maya,Mexico,Central America,America,19825.71383,19,-91
HGDP00707,F,Colombian,Colombia,South America,America,22857.10218,3,-68
HGDP01404,M,Adygei,Russia Caucasus,Russia,Europe,4155.030463,44,39
HGDP00889,F,Russian,Russia,Russia,Europe,6066.983867,61,40
HGDP01151,M,North Italian,Italy (Bergamo),Southern Europe,Europe,5249.040337,46,10
HGDP01330,M,She,China,China,East Asia,10817.81249,27,119
HGDP00528,M,French,France,Southern Europe,Europe,5857.478333,46,2
HGDP00719,F,Cambodian,Cambodia,Southeast Asia,East Asia,10260.54741,12,105
HGDP01161,M,Tuscan,Italy,Southern Europe,Europe,5118.374166,43,11
HGDP00828,M,Japanese,Japan,Japan,East Asia,11762.10792,38,138
HGDP00965,M,Yakut,Siberia,Russia,East Asia,9919.809481,63,129.5
HGDP00516,F,French,France,Southern Europe,Europe,5857.478333,46,2
HGDP01365,F,French Basque,France,Southern Europe,Europe,6012.260603,43,0
HGDP00766,M,Japanese,Japan,Japan,East Asia,11762.10792,38,138
HGDP00657,F,NAN Melanesian,Bougainville,Southern Europe,Oceania,16168.51405,-6,155
HGDP01354,F,Tu,China,China,East Asia,8868.138507,36,101
HGDP00798,M,Orcadian,Orkney Islands,Northern Europe,Europe,6636.685091,59,-3
HGDP01342,M,Naxi,China,China,East Asia,9131.367263,26,100
HGDP00824,M,NAN Melanesian,Bougainville,Southern Europe,Oceania,16168.51405,-6,155
HGDP01319,M,Lahu,China,China,East Asia,9299.626366,22,100
HGDP01357,M,French Basque,France,Southern Europe,Europe,6012.260603,43,0
HGDP00549,M,Papuan,New Guinea,New Guinea,Oceania,14843.12266,-4,143
HGDP00953,M,Yakut,Siberia,Russia,East Asia,9919.809481,63,129.5
HGDP01070,F,Sardinian,Italy,Southern Europe,Europe,5305.809561,40,9
HGDP01376,M,French Basque,France,Southern Europe,Europe,6012.260603,43,0
HGDP00671,M,Sardinian,Italy,Southern Europe,Europe,5305.809561,40,9
HGDP01024,F,Han,China,China,East Asia,10133.39558,32.3,114
