Month #,Player #,# Games,Total Score,Leaderboard
101,7,3,2,Private
101,36,3,2,Private
101,43,1,0.5,Private
101,64,6,3,Private
101,96,3,0,Private
101,102,4,2,Private
101,114,2,1.5,Private
101,143,7,3,Private
101,145,9,5.5,Public
101,149,3,1.5,Public
101,173,2,0.5,Public
101,187,6,3,Public
101,193,8,5.5,Private
101,201,2,1,Private
101,213,4,1,Private
101,247,2,0.5,Private
101,260,2,1,Private
101,275,3,1,Private
101,304,7,3,Private
101,306,1,0,Private
101,307,3,1.5,Private
101,313,2,0.5,Private
101,314,6,4,Private
101,327,1,0.5,Public
101,365,6,2.5,Private
101,374,7,2.5,Private
101,391,6,3.5,Public
101,392,11,6,Private
101,397,2,0.5,Public
101,408,7,4,Private
101,414,1,0.5,Private
101,428,3,0.5,Public
101,436,6,3.5,Public
101,437,4,3,Private
101,440,1,0.5,Private
101,441,2,1,Public
101,447,1,1,Public
101,486,3,1.5,Private
101,491,4,0.5,Private
101,492,1,1,Private
101,501,3,2,Public
101,512,6,2.5,Private
101,531,3,2,Private
101,545,8,0.5,Private
101,562,8,3.5,Private
101,568,2,0,Private
101,572,6,3.5,Public
101,584,3,0.5,Public
101,591,2,1.5,Private
101,596,4,3.5,Private
101,614,5,2.5,Private
101,617,5,2,Public
101,652,3,1.5,Private
101,658,9,4.5,Public
101,664,1,0.5,Public
101,667,4,2.5,Private
101,670,7,5,Private
101,675,8,4,Private
101,700,2,1,Private
101,719,6,3.5,Private
101,720,2,0.5,Private
101,733,5,3.5,Private
101,793,1,0,Private
101,809,1,0.5,Private
101,811,3,1.5,Private
101,813,2,1.5,Private
101,838,2,1,Private
101,856,2,0.5,Private
101,893,8,3.5,Private
101,895,4,2,Private
101,898,1,0.5,Private
101,918,2,0.5,Private
101,928,3,1.5,Private
101,941,7,5,Private
101,947,6,3.5,Private
101,954,6,1.5,Private
101,966,5,2.5,Private
101,971,2,0.5,Private
101,973,2,0.5,Public
101,974,3,1.5,Private
101,990,1,1,Public
101,1004,1,0,Private
101,1025,4,2,Public
101,1037,2,1,Private
101,1084,6,2.5,Private
101,1095,3,2.5,Public
101,1100,9,6,Private
101,1102,5,1.5,Public
101,1109,2,1,Public
101,1111,1,0,Private
101,1114,3,1.5,Private
101,1125,1,0.5,Private
101,1148,4,2,Private
101,1152,1,0.5,Private
101,1158,2,1,Public
101,1169,5,1,Private
101,1178,3,1,Private
101,1187,12,10,Private
101,1191,1,0.5,Private
101,1202,3,1.5,Private
101,1207,1,0.5,Private
101,1219,12,8,Private
101,1262,5,3,Public
101,1286,3,3,Private
101,1288,4,4,Public
101,1289,6,4,Private
101,1305,2,0,Public
101,1309,3,0.5,Private
101,1321,5,3,Private
101,1325,1,0,Private
101,1329,4,2,Private
101,1376,1,0.5,Private
101,1422,1,0,Private
101,1431,5,3.5,Private
101,1452,5,1.5,Private
101,1462,3,1,Private
101,1500,3,0.5,Private
101,1512,3,2,Private
101,1538,4,3.5,Private
101,1548,3,2,Private
101,1553,3,3,Private
101,1563,9,7,Private
101,1591,4,1.5,Public
101,1594,10,4,Private
101,1610,12,3,Private
101,1613,2,0.5,Private
101,1615,5,2.5,Public
101,1635,9,6,Public
101,1657,11,6.5,Public
101,1678,3,1,Private
101,1683,3,2.5,Private
101,1697,5,2.5,Private
101,1716,16,8.5,Public
101,1718,3,1,Private
101,1732,10,6,Private
101,1757,1,0.5,Private
101,1779,1,0.5,Public
101,1799,10,5,Private
101,1811,8,4.5,Private
101,1814,4,3,Private
101,1835,4,1.5,Private
101,1837,1,0,Public
101,1844,1,0,Private
101,1848,4,1.5,Public
101,1852,4,2,Private
101,1863,3,1.5,Public
101,1870,3,0.5,Public
101,1874,3,2,Private
101,1880,1,0,Private
101,1884,4,2.5,Private
101,1888,7,3,Public
101,1900,1,0,Private
101,1903,10,7,Private
101,1913,7,5,Private
101,1925,2,2,Private
101,1944,6,3,Public
101,1951,2,1,Private
101,1961,7,3,Private
101,1972,2,1.5,Public
101,1982,2,0.5,Private
101,2027,3,1.5,Private
101,2033,2,1.5,Private
101,2042,13,5.5,Private
101,2059,5,2.5,Private
101,2064,1,0.5,Private
101,2076,2,1.5,Public
101,2089,5,2,Private
101,2099,8,5,Private
101,2103,4,2,Private
101,2107,5,2,Private
101,2112,4,2.5,Private
101,2129,3,1.5,Public
101,2144,5,4,Private
101,2175,1,0.5,Public
101,2182,1,1,Private
101,2188,4,2.5,Private
101,2190,2,1,Private
101,2203,1,0.5,Private
101,2207,1,0.5,Private
101,2224,2,1.5,Private
101,2235,1,0.5,Private
101,2238,4,2,Private
101,2256,1,1,Private
101,2270,3,1,Private
101,2271,4,2.5,Public
101,2304,3,1,Private
101,2308,6,2,Private
101,2311,2,1.5,Private
101,2332,5,2.5,Public
101,2339,7,5.5,Private
101,2351,2,0,Public
101,2362,3,1.5,Private
101,2364,2,1,Public
101,2395,7,5.5,Private
101,2409,4,1,Private
101,2416,2,1.5,Private
101,2442,3,2,Private
101,2462,7,2,Private
101,2513,3,1,Public
101,2531,6,1.5,Private
101,2536,4,3,Private
101,2542,3,1,Private
101,2548,1,0.5,Private
101,2552,2,1.5,Private
101,2568,2,1,Private
101,2572,3,2,Public
101,2574,2,0.5,Public
101,2599,6,4.5,Private
101,2605,3,2.5,Private
101,2609,2,0.5,Private
101,2640,1,0,Private
101,2669,2,1,Private
101,2689,10,5,Private
101,2693,1,0,Private
101,2696,2,0.5,Public
101,2699,3,2,Private
101,2731,2,0.5,Private
101,2734,2,0,Private
101,2766,2,1.5,Private
101,2782,1,0,Private
101,2793,3,1.5,Public
101,2799,3,0.5,Private
101,2807,5,2,Private
101,2812,1,0,Private
101,2813,3,2,Private
101,2823,2,1,Private
101,2824,1,0.5,Private
101,2830,7,2.5,Private
101,2841,8,3.5,Private
101,2847,6,3,Private
101,2853,4,2,Private
101,2888,2,1,Private
101,2897,3,0.5,Public
101,2903,6,3.5,Private
101,2907,1,0,Private
101,2912,6,3,Private
101,2918,5,3.5,Private
101,2920,5,0.5,Private
101,2956,12,9,Private
101,2959,6,3,Public
101,2979,4,3,Private
101,2991,1,0,Private
101,3013,1,1,Public
101,3016,4,1.5,Private
101,3033,3,1,Public
101,3041,4,3,Private
101,3050,1,0,Private
101,3062,1,0.5,Private
101,3089,7,1.5,Private
101,3115,2,0.5,Private
101,3119,1,0,Private
101,3132,2,1.5,Private
101,3147,2,0.5,Public
101,3155,3,1.5,Private
101,3193,4,1.5,Public
101,3225,6,3,Private
101,3242,5,3,Private
101,3254,2,1.5,Private
101,3260,2,0.5,Private
101,3264,1,0.5,Private
101,3266,2,0,Private
101,3268,3,2,Private
101,3277,1,0,Private
101,3278,6,3.5,Private
101,3285,2,1,Private
101,3293,1,0,Private
101,3297,3,1,Private
101,3322,5,2,Private
101,3352,8,3.5,Private
101,3360,1,0.5,Private
101,3404,3,0.5,Private
101,3420,1,0.5,Private
101,3424,6,3,Public
101,3436,5,2,Private
101,3439,4,1.5,Public
101,3443,4,3,Private
101,3455,1,0.5,Private
101,3464,1,0.5,Private
101,3470,2,1,Public
101,3475,7,2.5,Public
101,3479,1,1,Public
101,3488,9,4,Private
101,3507,16,6,Private
101,3518,3,1,Private
101,3521,7,3.5,Public
101,3544,3,1,Public
101,3564,4,2,Private
101,3567,2,1.5,Private
101,3575,4,1.5,Public
101,3582,2,0.5,Private
101,3619,3,1.5,Private
101,3659,1,0,Private
101,3662,5,1.5,Private
101,3681,8,3.5,Private
101,3694,1,0.5,Private
101,3698,2,0,Private
101,3705,6,4.5,Private
101,3707,4,1.5,Private
101,3711,1,0.5,Private
101,3717,2,1,Public
101,3770,3,1.5,Private
101,3782,4,2,Private
101,3787,3,2,Private
101,3818,3,1.5,Private
101,3834,2,1.5,Private
101,3835,1,1,Private
101,3863,4,1,Public
101,3870,3,1,Private
101,3887,6,4,Private
101,3892,1,0.5,Private
101,3915,1,0.5,Private
101,3916,1,0.5,Public
101,3919,4,2,Public
101,3944,7,5,Private
101,3968,2,0.5,Private
101,3980,9,6.5,Private
101,4015,2,1,Private
101,4019,7,3.5,Private
101,4047,1,0,Private
101,4063,5,1.5,Private
101,4064,2,0.5,Public
101,4071,1,1,Private
101,4073,6,4.5,Private
101,4084,2,1,Private
101,4088,5,3,Public
101,4092,8,3,Private
101,4105,6,4,Private
101,4120,3,0.5,Private
101,4137,6,2.5,Private
101,4162,2,0.5,Private
101,4176,2,1,Private
101,4208,1,0,Private
101,4216,9,5,Private
101,4287,2,1,Private
101,4307,2,1,Private
101,4331,5,3.5,Private
101,4335,5,1.5,Private
101,4341,2,1,Private
101,4342,1,1,Private
101,4381,7,4,Private
101,4383,1,0.5,Private
101,4432,8,5,Private
101,4457,6,4,Private
101,4465,8,3.5,Public
101,4481,1,0,Public
101,4515,1,1,Public
101,4529,1,0.5,Private
101,4537,1,0.5,Private
101,4547,1,0.5,Private
101,4577,6,4.5,Private
101,4610,2,0.5,Private
101,4628,2,1,Private
101,4649,3,1,Private
101,4694,5,3.5,Public
101,4696,2,1.5,Private
101,4700,2,1,Private
101,4723,4,2.5,Private
101,4732,7,3,Public
101,4753,8,5,Private
101,4757,3,2.5,Private
101,4766,3,0.5,Public
101,4777,3,1,Private
101,4807,2,0.5,Private
101,4812,8,1.5,Private
101,4814,3,2,Private
101,4842,1,1,Private
101,4847,2,1,Public
101,4852,2,0,Private
101,4862,2,1.5,Public
101,4898,3,0.5,Private
101,4907,3,0.5,Private
101,4917,1,0,Public
101,4920,8,5,Public
101,4931,4,2,Public
101,4990,4,1.5,Private
101,4999,1,1,Public
101,5001,1,0,Public
101,5002,13,6.5,Private
101,5011,5,2,Private
101,5025,5,3,Private
101,5050,4,2.5,Private
101,5057,1,1,Private
101,5068,2,1.5,Private
101,5075,4,2.5,Private
101,5079,1,0.5,Private
101,5083,4,1.5,Private
101,5086,2,2,Public
101,5097,7,4,Private
101,5115,1,0.5,Public
101,5116,5,2.5,Private
101,5119,1,0,Private
101,5128,3,1.5,Public
101,5140,9,4,Private
101,5145,1,0.5,Private
101,5163,2,1,Private
101,5181,1,1,Private
101,5191,2,1.5,Public
101,5209,5,2.5,Private
101,5210,4,1.5,Private
101,5226,4,2.5,Public
101,5233,2,0.5,Private
101,5244,3,1,Private
101,5254,4,2.5,Private
101,5258,10,6.5,Private
101,5275,1,0,Private
101,5290,1,0,Private
101,5310,1,0.5,Private
101,5315,1,0,Private
101,5327,1,0,Private
101,5342,6,3.5,Private
101,5356,2,0.5,Public
101,5359,12,4,Private
101,5396,5,3,Private
101,5419,2,2,Public
101,5425,2,0.5,Public
101,5456,3,2.5,Private
101,5463,7,4,Private
101,5470,2,1.5,Private
101,5516,3,1,Public
101,5534,6,3.5,Public
101,5558,2,1,Private
101,5566,5,0.5,Private
101,5575,5,2,Public
101,5578,3,1.5,Private
101,5580,2,1,Private
101,5598,8,6,Private
101,5602,3,1.5,Private
101,5608,6,4,Private
101,5614,6,3,Private
101,5623,4,2.5,Private
101,5627,8,6,Private
101,5663,4,0.5,Private
101,5675,7,3,Private
101,5690,3,2,Private
101,5737,4,2,Private
101,5740,2,1,Private
101,5774,2,1.5,Public
101,5812,1,0.5,Private
101,5825,1,0,Public
101,5833,4,2,Public
101,5850,2,0.5,Private
101,5866,6,4,Private
101,5870,3,1.5,Private
101,5905,3,1.5,Private
101,5914,5,2,Private
101,5918,1,1,Private
101,5926,2,1,Private
101,5930,6,3.5,Private
101,5933,2,1,Private
101,5950,2,1,Private
101,5960,1,1,Private
101,5961,1,0.5,Private
101,5979,1,1,Private
101,5983,12,8.5,Private
101,6002,8,3.5,Private
101,6018,13,6.5,Public
101,6025,1,0.5,Private
101,6038,10,6,Private
101,6054,1,0.5,Private
101,6073,2,0.5,Private
101,6078,1,0,Private
101,6099,1,0.5,Private
101,6123,2,1,Private
101,6140,2,1,Private
101,6155,4,0.5,Private
101,6161,2,0,Private
101,6166,1,1,Private
101,6181,8,2,Private
101,6191,6,3.5,Private
101,6196,8,3.5,Private
101,6208,1,0.5,Private
101,6220,6,2,Public
101,6226,1,0,Private
101,6255,18,5,Private
101,6270,9,5,Public
101,6272,3,1.5,Public
101,6283,7,6,Private
101,6289,2,1.5,Private
101,6298,4,1.5,Private
101,6305,5,4,Private
101,6311,12,7.5,Private
101,6339,8,5.5,Public
101,6366,2,0.5,Public
101,6388,2,1,Private
101,6391,1,0,Private
101,6404,3,2,Private
101,6406,5,3,Private
101,6439,2,0.5,Private
101,6451,8,3,Private
101,6468,4,1,Public
101,6472,3,1,Private
101,6520,1,1,Private
101,6548,1,0,Private
101,6554,5,2,Private
101,6586,9,7.5,Private
101,6605,3,1.5,Private
101,6621,6,2.5,Public
101,6629,4,1.5,Private
101,6647,6,3.5,Public
101,6669,2,1,Private
101,6685,4,3,Public
101,6691,5,3.5,Private
101,6717,1,0,Private
101,6736,5,2.5,Private
101,6741,2,1.5,Public
101,6745,3,2,Private
101,6747,1,0.5,Private
101,6770,6,4.5,Public
101,6776,4,1.5,Private
101,6795,3,1.5,Private
101,6803,4,1,Private
101,6815,8,2.5,Private
101,6835,1,0.5,Private
101,6844,2,0,Private
101,6849,2,1,Private
101,6854,6,4.5,Public
101,6856,1,0.5,Private
101,6866,3,0,Public
101,6875,6,5,Public
101,6880,8,6,Private
101,6887,2,1.5,Public
101,6891,3,2,Private
101,6899,13,7,Private
101,6926,1,0,Public
101,6951,3,0.5,Public
101,6973,10,3.5,Private
101,7002,7,4,Private
101,7004,2,0,Private
101,7011,8,1.5,Private
101,7087,3,0,Private
101,7096,5,3,Private
101,7104,1,0.5,Public
101,7106,8,5.5,Private
101,7115,8,4.5,Private
101,7165,2,1,Private
101,7168,4,3,Private
101,7176,7,4.5,Private
101,7189,8,4,Private
101,7234,3,2,Private
101,7238,2,1.5,Public
101,7242,13,8.5,Public
101,7248,3,2,Private
101,7262,4,2,Private
101,7285,7,3,Private
101,7286,6,2,Private
101,7325,3,1,Public
101,7350,4,2,Private
101,7351,1,0,Private
101,7373,6,2,Public
101,7441,4,3,Private
101,7453,3,1,Private
101,7455,1,1,Public
101,7498,1,0.5,Private
101,7510,4,2.5,Private
101,7520,2,0.5,Private
101,7533,4,0,Private
101,7537,1,1,Private
101,7538,2,0.5,Private
101,7558,2,1.5,Private
101,7577,5,2,Private
101,7584,2,1.5,Private
101,7591,3,1,Private
101,7593,6,2.5,Private
101,7596,4,2.5,Private
101,7603,2,1,Private
101,7619,3,2,Private
101,7625,2,0.5,Public
101,7635,3,1.5,Private
101,7638,6,3,Public
101,7654,1,0.5,Private
101,7665,2,1,Private
101,7669,2,2,Private
101,7715,4,2.5,Private
101,7760,3,0,Private
101,7805,4,1.5,Private
101,7815,2,0.5,Public
101,7833,7,5,Private
101,7839,3,1,Private
101,7848,2,1.5,Private
101,7865,1,0,Private
101,7871,2,1,Private
101,7880,1,0,Public
101,7905,2,1,Public
101,7919,1,0.5,Public
101,7925,2,1,Private
101,7935,3,1,Private
101,7949,1,0,Private
101,7955,5,2,Private
101,7959,5,3.5,Private
101,7980,4,2.5,Private
101,7984,1,0.5,Public
101,7989,3,2,Private
101,8048,1,0.5,Private
101,8083,5,2,Private
101,8084,6,3,Private
101,8098,4,1,Private
101,8109,1,0,Public
101,8120,4,0.5,Private
101,8152,2,1.5,Private
101,8162,3,1,Private
101,8167,1,0,Private
101,8170,1,0.5,Private
101,8177,3,1.5,Private
101,8190,1,0,Private
101,8212,9,7,Private
101,8218,8,3,Private
101,8224,4,1.5,Private
101,8233,3,0.5,Public
101,8242,4,0.5,Private
101,8244,13,10.5,Private
101,8246,4,3.5,Private
101,8275,2,1,Public
101,8277,4,2.5,Private
101,8291,4,2,Public
101,8295,1,1,Public
101,8311,3,1,Public
101,8320,3,1,Private
101,8321,5,3,Private
101,8338,1,0,Private
101,8342,2,0,Private
101,8447,8,3,Private
101,8465,4,2.5,Private
101,8486,15,8,Private
101,8490,8,0.5,Private
101,8502,2,2,Public
101,8552,5,1.5,Private
101,8586,2,0.5,Private
101,8597,1,0,Private
101,8611,6,3,Private
101,8616,6,1.5,Private
101,8617,2,1,Private
102,4,7,2.5,Private
102,7,3,1,Private
102,18,4,2,Private
102,56,3,1,Private
102,64,8,4.5,Private
102,80,4,2,Private
102,96,1,0,Private
102,98,5,4,Private
102,102,7,5,Private
102,125,4,1.5,Private
102,141,1,0,Private
102,145,7,4.5,Private
102,147,2,2,Public
102,173,3,1,Private
102,193,4,2.5,Private
102,201,7,2,Public
102,204,6,1.5,Private
102,213,4,2.5,Private
102,220,6,3.5,Private
102,224,3,0,Private
102,247,4,2.5,Private
102,275,4,1,Private
102,304,5,2,Private
102,306,1,1,Public
102,307,2,0,Private
102,313,7,4,Private
102,349,4,2.5,Private
102,370,4,2.5,Public
102,374,7,1.5,Private
102,377,6,2,Private
102,389,2,0.5,Private
102,391,4,3.5,Private
102,392,6,4.5,Private
102,409,4,2,Private
102,413,7,4,Private
102,428,2,1,Private
102,440,2,1,Private
102,447,3,1.5,Private
102,477,3,2,Private
102,481,5,3.5,Private
102,491,3,1,Private
102,501,8,6,Private
102,512,10,5.5,Private
102,521,3,0,Public
102,522,9,4.5,Private
102,545,4,1,Private
102,557,7,3.5,Public
102,562,7,4,Private
102,572,1,0,Private
102,584,4,2.5,Private
102,595,3,1.5,Private
102,596,6,3,Private
102,603,5,3,Private
102,614,8,5.5,Private
102,617,9,5.5,Private
102,638,1,0.5,Private
102,639,1,1,Private
102,654,1,0,Public
102,664,9,5.5,Private
102,667,4,1,Private
102,670,3,2.5,Private
102,675,6,4,Private
102,690,5,3,Private
102,720,7,4.5,Private
102,733,7,3,Private
102,748,7,3,Private
102,766,2,0,Public
102,778,5,3.5,Public
102,788,7,5,Private
102,793,4,2,Private
102,797,3,1,Private
102,809,5,2.5,Private
102,811,3,1,Private
102,813,3,2,Public
102,828,8,3,Private
102,869,1,0,Private
102,885,5,1,Private
102,895,5,3,Private
102,918,4,2.5,Private
102,928,3,1,Private
102,934,8,4.5,Private
102,941,4,3.5,Private
102,943,2,1,Private
102,947,3,0.5,Private
102,956,6,3.5,Private
102,966,8,5,Private
102,972,1,0.5,Private
102,973,4,2.5,Private
102,982,2,1,Private
102,990,2,0,Private
102,1017,2,0,Private
102,1019,5,3,Private
102,1020,2,1,Public
102,1029,5,4.5,Private
102,1089,2,1.5,Private
102,1093,8,3.5,Private
102,1095,6,4,Private
102,1098,4,2.5,Private
102,1102,9,6.5,Private
102,1105,6,4,Private
102,1114,2,2,Private
102,1134,4,0,Private
102,1169,2,0.5,Private
102,1187,5,2.5,Private
102,1191,5,2,Public
102,1202,1,1,Public
102,1207,3,1.5,Private
102,1230,4,0.5,Private
102,1235,6,4,Public
102,1242,1,0,Private
102,1254,4,2,Private
102,1262,5,1.5,Private
102,1265,3,2,Private
102,1277,2,0.5,Private
102,1288,7,5.5,Private
102,1289,3,2,Private
102,1304,2,0.5,Private
102,1305,1,0.5,Private
102,1325,5,3.5,Private
102,1329,8,3.5,Public
102,1331,13,7,Private
102,1357,4,3,Private
102,1374,4,1,Public
102,1376,5,1.5,Private
102,1382,6,4.5,Private
102,1397,5,2,Private
102,1405,9,5,Private
102,1425,1,1,Private
102,1428,3,1,Private
102,1452,2,1,Private
102,1455,2,1,Private
102,1469,5,1,Public
102,1475,4,1,Public
102,1493,2,1.5,Private
102,1500,6,1.5,Private
102,1512,8,1,Private
102,1513,2,1,Private
102,1538,4,2.5,Private
102,1548,4,1.5,Private
102,1553,3,2.5,Private
102,1563,3,2,Public
102,1581,5,2,Private
102,1591,2,0.5,Private
102,1592,2,0.5,Public
102,1610,4,1.5,Private
102,1613,2,1,Private
102,1615,6,2.5,Public
102,1631,1,0.5,Private
102,1635,7,4,Private
102,1657,4,2,Private
102,1661,2,1.5,Private
102,1673,9,3.5,Private
102,1678,3,1,Public
102,1683,4,3,Private
102,1693,5,0.5,Public
102,1704,9,2.5,Private
102,1732,7,3.5,Private
102,1735,1,0,Public
102,1736,1,1,Private
102,1746,4,3,Private
102,1748,1,0.5,Private
102,1759,5,2,Private
102,1762,5,2.5,Private
102,1773,2,1,Private
102,1779,8,4,Private
102,1781,3,2.5,Private
102,1782,8,2,Private
102,1799,6,4.5,Private
102,1811,1,0,Public
102,1814,15,8,Private
102,1825,7,5,Private
102,1829,3,1.5,Private
102,1835,2,0.5,Private
102,1848,5,3,Private
102,1856,1,0,Private
102,1860,7,3.5,Private
102,1863,1,0,Private
102,1866,1,0,Private
102,1874,5,3.5,Private
102,1880,2,0.5,Private
102,1900,4,2,Public
102,1903,3,2.5,Private
102,1925,11,6,Public
102,1932,2,1.5,Private
102,1933,3,0.5,Private
102,1936,3,1,Public
102,1942,5,1,Private
102,1944,4,2.5,Private
102,1951,2,1.5,Public
102,1961,3,0.5,Private
102,1972,4,1,Private
102,1979,1,0.5,Private
102,1982,1,0,Private
102,1996,2,1,Private
102,1999,2,0.5,Public
102,2002,1,0.5,Private
102,2009,2,1,Private
102,2015,7,2.5,Private
102,2027,4,2.5,Private
102,2033,11,4.5,Public
102,2057,5,2,Private
102,2064,3,2,Private
102,2076,3,1,Private
102,2084,4,2.5,Private
102,2098,3,1,Public
102,2103,3,2,Private
102,2107,8,2.5,Private
102,2144,7,4.5,Public
102,2145,3,0.5,Private
102,2148,2,0.5,Private
102,2155,5,2.5,Private
102,2173,5,2.5,Private
102,2175,7,4.5,Public
102,2185,3,1.5,Private
102,2188,3,1.5,Private
102,2203,1,0,Private
102,2207,2,0.5,Public
102,2224,8,4,Private
102,2225,3,1.5,Private
102,2230,1,0.5,Private
102,2235,2,0.5,Public
102,2237,1,0.5,Private
102,2238,4,0,Private
102,2250,6,2,Private
102,2252,1,1,Private
102,2256,2,0.5,Private
102,2270,5,2.5,Private
102,2304,1,0,Private
102,2311,2,1,Private
102,2313,5,3,Private
102,2319,2,1.5,Private
102,2332,1,1,Private
102,2339,6,4.5,Private
102,2351,1,1,Private
102,2364,1,0,Private
102,2381,2,0.5,Public
102,2389,3,2,Private
102,2395,8,3,Private
102,2409,4,1.5,Private
102,2416,4,2,Private
102,2424,9,3,Private
102,2444,3,1,Public
102,2452,4,1.5,Private
102,2462,4,1,Private
102,2513,5,3.5,Public
102,2548,3,1,Private
102,2555,4,1,Private
102,2560,6,2.5,Public
102,2574,5,2.5,Private
102,2576,1,0.5,Private
102,2581,8,5.5,Private
102,2587,2,0,Private
102,2603,4,3,Public
102,2605,8,5.5,Public
102,2609,3,1,Private
102,2640,4,1.5,Private
102,2669,6,2.5,Private
102,2671,3,2,Private
102,2692,3,1,Private
102,2693,4,1.5,Private
102,2696,7,3,Private
102,2699,9,4.5,Private
102,2730,4,1.5,Public
102,2731,2,0.5,Private
102,2734,2,1,Private
102,2766,4,3.5,Private
102,2771,3,0.5,Public
102,2796,4,3.5,Public
102,2823,1,0.5,Public
102,2841,10,5,Private
102,2867,2,1.5,Private
102,2897,2,0.5,Private
102,2908,1,0.5,Private
102,2912,8,4,Public
102,2915,1,0.5,Private
102,2918,5,2.5,Private
102,2920,1,0.5,Private
102,2932,3,2,Private
102,2959,8,4.5,Private
102,2979,6,3.5,Public
102,2981,3,0,Private
102,2991,2,0.5,Private
102,2997,5,2.5,Private
102,2999,4,3,Private
102,3013,10,7,Private
102,3016,5,3,Private
102,3017,7,1,Private
102,3033,2,1,Private
102,3037,1,1,Public
102,3041,3,2.5,Private
102,3050,4,0.5,Private
102,3054,2,0.5,Private
102,3065,8,4,Private
102,3070,5,3.5,Private
102,3085,3,2.5,Private
102,3088,1,0.5,Private
102,3089,2,1.5,Private
102,3119,7,4,Private
102,3122,2,0.5,Private
102,3132,7,3.5,Private
102,3155,3,1.5,Private
102,3184,5,2.5,Private
102,3242,5,3.5,Private
102,3254,5,2.5,Private
102,3260,5,1.5,Private
102,3264,4,1,Public
102,3268,6,4,Public
102,3270,6,2.5,Private
102,3275,1,0,Private
102,3277,4,2,Private
102,3288,2,1,Private
102,3293,1,0,Private
102,3297,5,1,Private
102,3322,2,0.5,Public
102,3330,7,3.5,Private
102,3342,1,0,Private
102,3344,8,6,Private
102,3345,2,1,Private
102,3352,8,4,Public
102,3360,1,0,Private
102,3361,8,6,Private
102,3377,5,2,Private
102,3386,2,1,Private
102,3404,5,2,Private
102,3413,2,0.5,Private
102,3435,12,5,Private
102,3436,4,1,Private
102,3439,4,2,Public
102,3455,1,0,Private
102,3457,4,2,Private
102,3459,2,1,Public
102,3468,2,1.5,Private
102,3470,6,3,Public
102,3479,1,0.5,Private
102,3488,5,2,Private
102,3507,2,1,Public
102,3515,1,1,Private
102,3518,9,6,Private
102,3523,3,1.5,Private
102,3540,7,5,Private
102,3564,6,3.5,Public
102,3565,4,2.5,Public
102,3567,1,0,Private
102,3582,10,4,Private
102,3619,3,2,Private
102,3650,1,0.5,Private
102,3653,1,0.5,Private
102,3655,4,2.5,Public
102,3671,2,0,Public
102,3681,5,3,Private
102,3685,2,1.5,Private
102,3698,6,3.5,Private
102,3699,1,0.5,Private
102,3705,4,3,Private
102,3707,9,4,Private
102,3717,2,2,Private
102,3728,2,1.5,Private
102,3744,1,0.5,Private
102,3770,2,0.5,Private
102,3782,1,0.5,Public
102,3801,2,0.5,Public
102,3810,7,4,Private
102,3816,1,0.5,Public
102,3818,5,1.5,Private
102,3834,4,2,Private
102,3837,3,1,Private
102,3863,3,0.5,Private
102,3866,2,0.5,Public
102,3882,5,4,Public
102,3887,8,4.5,Private
102,3900,4,1,Private
102,3909,11,6.5,Private
102,3934,6,2,Public
102,3938,4,3,Private
102,3968,10,3.5,Private
102,3980,9,7,Private
102,3981,1,0.5,Private
102,3991,1,1,Private
102,4015,4,3,Private
102,4019,5,3.5,Public
102,4035,2,1,Private
102,4037,4,2.5,Private
102,4051,3,0.5,Private
102,4063,3,2,Private
102,4068,3,1.5,Public
102,4071,5,2,Private
102,4073,8,7,Private
102,4088,13,9,Private
102,4108,6,2,Public
102,4127,5,2,Private
102,4138,2,1,Private
102,4146,1,0,Public
102,4150,1,0.5,Private
102,4162,10,4,Private
102,4169,1,0.5,Private
102,4171,2,1,Private
102,4176,2,2,Private
102,4194,8,3,Private
102,4201,2,0,Private
102,4240,1,1,Private
102,4256,1,0.5,Private
102,4287,2,1,Private
102,4307,1,1,Public
102,4315,3,1.5,Private
102,4331,4,2.5,Private
102,4335,4,1.5,Private
102,4341,2,0.5,Private
102,4342,9,2.5,Private
102,4363,2,1,Private
102,4375,3,1.5,Private
102,4399,5,2,Private
102,4401,2,0.5,Private
102,4404,2,1,Public
102,4406,2,1.5,Private
102,4413,3,2,Private
102,4419,2,1,Public
102,4423,4,1.5,Public
102,4432,4,2,Public
102,4457,8,6,Private
102,4481,13,8.5,Public
102,4488,4,2.5,Private
102,4515,4,2.5,Private
102,4524,2,0,Public
102,4537,5,1.5,Public
102,4544,2,0,Private
102,4560,2,0,Private
102,4562,3,1,Private
102,4576,3,1.5,Public
102,4577,2,1.5,Private
102,4585,5,0.5,Private
102,4602,6,3,Private
102,4607,1,0,Public
102,4610,4,2.5,Private
102,4628,4,3,Private
102,4649,2,0.5,Private
102,4671,2,0.5,Private
102,4673,1,0.5,Private
102,4674,5,3,Public
102,4685,2,1,Public
102,4686,2,1,Private
102,4687,3,2.5,Private
102,4691,2,0.5,Public
102,4694,7,4.5,Private
102,4696,2,0,Private
102,4708,7,4.5,Public
102,4719,1,1,Private
102,4723,8,4,Private
102,4732,2,1,Public
102,4757,5,2.5,Private
102,4766,1,0,Private
102,4772,2,0,Public
102,4777,1,1,Private
102,4791,1,0,Private
102,4810,6,2.5,Private
102,4812,3,1.5,Private
102,4847,4,1,Public
102,4850,7,4.5,Private
102,4852,3,1,Private
102,4857,9,6,Public
102,4877,3,1.5,Private
102,4883,1,0.5,Private
102,4886,3,0.5,Public
102,4898,9,3.5,Private
102,4908,5,3,Private
102,4911,8,5.5,Public
102,4917,3,1,Public
102,4920,2,0.5,Private
102,4931,3,2,Private
102,4940,1,0.5,Public
102,4955,7,5,Private
102,4958,2,0.5,Private
102,4960,1,0,Private
102,4962,2,1,Private
102,4973,5,4,Private
102,4977,12,2.5,Private
102,4982,5,3,Private
102,5001,2,1,Private
102,5002,4,1,Private
102,5009,3,1,Private
102,5013,8,5.5,Private
102,5023,2,1,Private
102,5036,4,1,Private
102,5045,2,1,Private
102,5047,5,2,Private
102,5050,6,3.5,Private
102,5057,1,0,Public
102,5061,14,9,Private
102,5068,2,1,Private
102,5075,5,3,Private
102,5077,2,0.5,Public
102,5082,8,4.5,Private
102,5083,2,1.5,Private
102,5086,3,0.5,Public
102,5089,2,0.5,Private
102,5097,7,3,Private
102,5101,5,2.5,Private
102,5116,7,4,Private
102,5128,4,1.5,Private
102,5136,2,0.5,Private
102,5140,5,3.5,Public
102,5145,7,3,Private
102,5155,1,1,Private
102,5172,1,1,Private
102,5181,1,0.5,Public
102,5185,5,3,Public
102,5191,5,2.5,Private
102,5226,5,2.5,Private
102,5254,3,3,Private
102,5257,2,0.5,Private
102,5258,12,8,Private
102,5270,4,2,Public
102,5280,2,0.5,Private
102,5287,4,2,Private
102,5290,1,0.5,Private
102,5299,4,2,Private
102,5311,5,3.5,Private
102,5316,1,0,Private
102,5325,1,0,Private
102,5327,3,1.5,Public
102,5333,2,1.5,Private
102,5342,5,2.5,Private
102,5356,3,1.5,Private
102,5373,1,0.5,Public
102,5380,2,0.5,Private
102,5396,15,7,Private
102,5407,2,1,Private
102,5408,1,0,Private
102,5417,3,1.5,Private
102,5425,4,2.5,Private
102,5441,3,1.5,Private
102,5445,3,1.5,Private
102,5456,7,4.5,Private
102,5463,7,2.5,Public
102,5467,1,0,Private
102,5470,4,2,Private
102,5472,1,0.5,Private
102,5475,9,5,Public
102,5477,6,3,Private
102,5516,6,3.5,Private
102,5530,7,2.5,Private
102,5531,3,2,Public
102,5539,2,1,Private
102,5552,3,2,Public
102,5563,3,2,Private
102,5580,4,1.5,Public
102,5593,5,0.5,Private
102,5602,13,5.5,Private
102,5614,5,3.5,Private
102,5623,13,8,Public
102,5627,1,0,Private
102,5653,5,1.5,Public
102,5671,1,0.5,Private
102,5675,6,3.5,Private
102,5683,10,6,Public
102,5705,2,1,Public
102,5724,4,1,Private
102,5736,8,4,Private
102,5764,2,1,Public
102,5774,4,2,Private
102,5802,4,2.5,Private
102,5812,4,3,Private
102,5814,2,0,Private
102,5821,6,3.5,Private
102,5826,2,1.5,Public
102,5850,3,0,Private
102,5852,1,0.5,Private
102,5853,2,0.5,Private
102,5860,3,0.5,Private
102,5863,3,2.5,Private
102,5866,6,4,Public
102,5870,2,1.5,Private
102,5875,5,3,Public
102,5895,3,1,Private
102,5905,5,3.5,Private
102,5914,3,1,Private
102,5919,6,2.5,Public
102,5926,5,2,Private
102,5930,8,4.5,Private
102,5937,1,0.5,Private
102,5942,4,2.5,Private
102,5950,8,5,Public
102,5983,3,1,Private
102,6000,3,1.5,Private
102,6002,3,1,Private
102,6007,2,1,Public
102,6011,4,1,Private
102,6012,5,0.5,Private
102,6015,2,1,Private
102,6018,3,1,Private
102,6025,3,1.5,Private
102,6036,2,0.5,Private
102,6038,5,2.5,Private
102,6040,3,2,Private
102,6055,7,3.5,Private
102,6059,12,6,Private
102,6084,3,1,Private
102,6086,6,3,Private
102,6089,7,4.5,Private
102,6115,4,1,Private
102,6119,2,1,Private
102,6123,4,2.5,Private
102,6125,3,2,Private
102,6140,4,1.5,Private
102,6150,7,4.5,Private
102,6161,4,2,Private
102,6166,2,1.5,Private
102,6168,6,0.5,Public
102,6179,1,0.5,Private
102,6181,2,1,Public
102,6191,8,4,Private
102,6196,5,2.5,Private
102,6208,3,2.5,Public
102,6212,8,5.5,Private
102,6228,5,2.5,Private
102,6235,4,3,Private
102,6263,4,2.5,Private
102,6270,5,4,Private
102,6272,1,1,Private
102,6289,6,3,Private
102,6303,2,1,Private
102,6304,1,0,Public
102,6305,7,5,Private
102,6313,5,1.5,Public
102,6341,3,1.5,Private
102,6346,3,2,Private
102,6366,3,1,Private
102,6373,7,4,Private
102,6391,5,3,Private
102,6392,2,1.5,Private
102,6429,2,1.5,Public
102,6433,1,0.5,Private
102,6439,6,3.5,Public
102,6447,2,1,Private
102,6451,11,5,Private
102,6458,6,3,Private
102,6459,5,1,Private
102,6462,7,3.5,Public
102,6484,8,4,Public
102,6500,2,1,Private
102,6506,1,0.5,Public
102,6525,1,0.5,Private
102,6530,6,4,Private
102,6532,5,4,Private
102,6537,8,3.5,Private
102,6554,3,2,Public
102,6573,2,1.5,Private
102,6585,5,2,Public
102,6586,6,3.5,Private
102,6605,3,1.5,Public
102,6629,7,2.5,Private
102,6647,5,3.5,Public
102,6669,3,0,Private
102,6679,4,2.5,Private
102,6688,1,0,Public
102,6691,11,8,Public
102,6693,3,1,Private
102,6717,4,3,Private
102,6719,1,0,Private
102,6723,2,0.5,Private
102,6738,1,0,Private
102,6740,2,1.5,Private
102,6764,5,0.5,Private
102,6778,7,4,Private
102,6803,5,3,Private
102,6808,6,1.5,Private
102,6815,6,2.5,Private
102,6828,5,3.5,Public
102,6834,3,1.5,Private
102,6844,3,1,Private
102,6850,6,4.5,Private
102,6854,4,1,Private
102,6864,7,5,Private
102,6875,6,3,Public
102,6880,8,5,Public
102,6887,9,3,Private
102,6920,1,0.5,Public
102,6926,2,1,Public
102,6931,1,0,Private
102,6937,2,1,Private
102,6951,5,2.5,Private
102,6958,1,0,Public
102,6973,2,1,Private
102,6993,2,1,Private
102,6997,2,0,Private
102,7000,2,0.5,Private
102,7001,1,0,Private
102,7002,3,2,Private
102,7006,6,2.5,Private
102,7027,3,2.5,Private
102,7031,1,0,Private
102,7038,1,0.5,Private
102,7041,5,2.5,Private
102,7048,5,1,Public
102,7053,3,2,Private
102,7063,2,1,Private
102,7065,10,6,Private
102,7073,2,1,Public
102,7090,4,1.5,Private
102,7106,2,1,Private
102,7107,5,3,Public
102,7115,3,1.5,Private
102,7117,2,0.5,Private
102,7118,4,2.5,Private
102,7142,2,0,Private
102,7158,2,1,Private
102,7168,4,3.5,Private
102,7176,1,1,Private
102,7189,9,4,Private
102,7193,4,1,Private
102,7203,2,1,Private
102,7204,8,3,Public
102,7217,4,1.5,Private
102,7228,3,2,Private
102,7230,5,3.5,Private
102,7234,12,7,Private
102,7248,2,1,Private
102,7262,4,2,Public
102,7273,5,3,Private
102,7298,2,1,Public
102,7314,4,3.5,Private
102,7322,4,0.5,Private
102,7327,6,3,Private
102,7348,1,0.5,Private
102,7351,2,1,Private
102,7353,6,4,Private
102,7361,1,0.5,Private
102,7362,7,4,Private
102,7364,7,5,Private
102,7365,7,2.5,Private
102,7391,12,8,Private
102,7412,5,2.5,Private
102,7431,3,1.5,Private
102,7441,10,6,Private
102,7446,1,0.5,Private
102,7447,3,1,Private
102,7448,1,0,Private
102,7455,2,1,Public
102,7479,10,7.5,Private
102,7482,5,2.5,Private
102,7483,2,0.5,Private
102,7498,3,1.5,Private
102,7504,3,1,Private
102,7510,8,4.5,Private
102,7514,4,2,Private
102,7528,5,3,Public
102,7530,2,0,Public
102,7575,1,1,Public
102,7587,1,0.5,Private
102,7593,8,5.5,Private
102,7597,6,2.5,Public
102,7603,3,1,Private
102,7616,8,5,Private
102,7619,4,2.5,Private
102,7638,5,2.5,Private
102,7652,8,5,Public
102,7654,6,2.5,Private
102,7661,3,1,Private
102,7665,5,1,Private
102,7669,1,0.5,Private
102,7673,1,1,Private
102,7676,2,1,Public
102,7682,5,0.5,Private
102,7684,4,2,Private
102,7709,8,4.5,Public
102,7723,1,0.5,Private
102,7749,4,1.5,Private
102,7802,5,3.5,Private
102,7805,9,4.5,Private
102,7811,2,0,Private
102,7815,9,0.5,Private
102,7816,8,5,Private
102,7819,2,0,Private
102,7833,4,3,Private
102,7871,1,0,Private
102,7879,5,1,Private
102,7880,7,2,Public
102,7890,2,1.5,Private
102,7901,1,1,Private
102,7905,6,3.5,Private
102,7914,4,1.5,Public
102,7919,4,2,Private
102,7925,6,4.5,Public
102,7939,4,2,Private
102,7948,3,0.5,Public
102,7949,2,0.5,Private
102,7953,8,3,Private
102,7955,9,5.5,Public
102,7963,3,1,Public
102,7973,5,1,Private
102,7986,4,2,Private
102,7987,4,2,Private
102,7989,2,1,Private
102,7998,2,0.5,Private
102,8016,7,4,Private
102,8028,2,0.5,Private
102,8035,9,6,Private
102,8041,2,0.5,Private
102,8044,3,2,Private
102,8048,10,7,Private
102,8052,4,2,Private
102,8066,2,1,Private
102,8081,2,0,Private
102,8083,4,2.5,Private
102,8084,5,3.5,Private
102,8098,1,0.5,Public
102,8111,2,1.5,Private
102,8152,2,1,Private
102,8158,7,2.5,Private
102,8162,6,3.5,Public
102,8175,3,0.5,Private
102,8177,4,2,Private
102,8183,4,0.5,Private
102,8189,3,1.5,Private
102,8190,4,1,Private
102,8195,4,2.5,Public
102,8206,3,2,Private
102,8212,1,0.5,Private
102,8214,8,5.5,Public
102,8218,4,1.5,Private
102,8232,7,1.5,Private
102,8233,4,3,Private
102,8244,4,3,Private
102,8251,4,2.5,Private
102,8256,2,1,Public
102,8267,3,1.5,Public
102,8288,1,0.5,Private
102,8291,1,1,Private
102,8295,4,3.5,Private
102,8311,9,3.5,Public
102,8320,2,1,Private
102,8321,4,2,Private
102,8323,2,0.5,Private
102,8337,2,1,Public
102,8338,3,0,Private
102,8341,6,3.5,Private
102,8342,2,0,Private
102,8355,6,3,Private
102,8375,3,1.5,Private
102,8415,8,5,Private
102,8447,6,3.5,Private
102,8449,3,0.5,Private
102,8465,4,1.5,Private
102,8486,6,3,Private
102,8490,4,2,Private
102,8523,3,1,Public
102,8533,1,0.5,Private
102,8542,1,0.5,Public
102,8546,5,3.5,Private
102,8552,6,3.5,Public
102,8553,9,5.5,Private
102,8560,3,0.5,Private
102,8592,2,0.5,Private
102,8595,1,0.5,Private
102,8611,6,3,Public
102,8616,13,5.5,Public
102,8619,1,0,Private
102,8621,3,2.5,Private
103,1,3,2,Private
103,4,7,3.5,Private
103,10,3,1,Private
103,11,2,0,Public
103,96,2,1,Private
103,98,1,0.5,Private
103,102,2,0.5,Private
103,114,12,5,Private
103,125,1,0.5,Private
103,143,3,2,Private
103,145,7,3,Public
103,147,2,1,Public
103,173,3,3,Private
103,180,2,1.5,Public
103,193,12,7,Public
103,201,4,2,Public
103,204,5,3,Private
103,207,5,3,Private
103,220,4,2.5,Private
103,226,7,4,Private
103,243,4,3.5,Private
103,247,6,3,Public
103,256,8,5.5,Private
103,260,6,3,Private
103,272,1,0,Private
103,287,4,2.5,Private
103,295,12,7.5,Private
103,304,3,1.5,Private
103,306,4,2.5,Private
103,307,2,0.5,Private
103,314,2,1,Private
103,344,1,1,Private
103,349,8,4.5,Private
103,370,7,2.5,Public
103,374,8,4,Private
103,377,3,1,Private
103,389,1,1,Private
103,392,6,3.5,Public
103,408,6,4.5,Private
103,413,4,2,Private
103,414,2,0.5,Private
103,428,7,3,Private
103,436,4,1.5,Private
103,437,7,3.5,Public
103,440,3,1.5,Private
103,447,3,1,Private
103,452,9,4.5,Private
103,481,2,1,Private
103,491,3,1,Private
103,492,2,0.5,Private
103,501,3,2.5,Private
103,515,1,0,Public
103,522,2,1.5,Private
103,545,2,1,Public
103,562,7,2.5,Private
103,568,8,1.5,Public
103,572,7,4.5,Public
103,584,4,1.5,Public
103,591,4,2,Private
103,598,3,1.5,Private
103,603,2,1,Private
103,614,3,2,Public
103,617,5,2.5,Private
103,638,7,2.5,Private
103,639,10,6,Public
103,654,1,0.5,Private
103,658,7,4,Private
103,662,2,1,Private
103,664,6,2.5,Private
103,670,3,2.5,Private
103,719,1,0.5,Public
103,733,2,1,Private
103,742,3,2,Private
103,748,5,3,Private
103,753,2,1,Private
103,766,3,1.5,Private
103,793,3,1.5,Public
103,811,4,2,Private
103,813,6,3,Private
103,827,2,1,Private
103,898,4,3,Private
103,902,1,0.5,Private
103,941,2,1.5,Private
103,943,5,1.5,Private
103,951,2,1,Private
103,954,6,3.5,Public
103,956,8,5.5,Private
103,963,1,0,Private
103,966,1,0.5,Private
103,971,7,1.5,Private
103,973,3,2,Private
103,974,3,1,Private
103,975,5,2.5,Private
103,978,3,1.5,Private
103,994,5,2,Private
103,1008,1,0.5,Private
103,1037,2,1.5,Private
103,1061,1,0,Private
103,1084,2,0.5,Private
103,1089,8,5.5,Private
103,1095,5,3,Public
103,1099,1,1,Private
103,1100,6,4.5,Private
103,1111,1,0.5,Private
103,1134,6,2.5,Public
103,1143,3,0.5,Private
103,1158,4,3.5,Private
103,1161,3,1,Public
103,1187,7,6,Private
103,1188,3,0.5,Private
103,1191,5,2,Private
103,1219,6,3.5,Private
103,1230,2,0,Public
103,1238,3,1,Private
103,1242,5,2.5,Private
103,1244,2,0.5,Private
103,1248,3,1.5,Private
103,1280,5,3,Private
103,1286,7,3.5,Private
103,1289,1,0.5,Private
103,1293,7,4,Private
103,1304,5,1,Public
103,1305,2,1,Private
103,1321,2,1,Private
103,1329,8,3.5,Private
103,1356,8,4.5,Private
103,1357,14,9.5,Private
103,1382,5,2.5,Private
103,1395,2,0.5,Private
103,1405,1,0.5,Private
103,1422,2,0,Public
103,1428,5,2.5,Public
103,1452,3,1,Private
103,1455,5,2.5,Private
103,1469,2,1.5,Private
103,1470,3,1.5,Private
103,1471,3,0.5,Private
103,1500,2,0.5,Private
103,1516,2,1.5,Private
103,1538,7,6,Private
103,1548,3,1,Private
103,1553,10,4.5,Private
103,1569,1,0,Private
103,1570,3,2.5,Private
103,1584,1,0.5,Public
103,1594,7,4,Private
103,1613,6,2.5,Public
103,1631,1,0.5,Private
103,1635,4,2.5,Private
103,1657,2,1,Private
103,1661,4,2,Private
103,1665,1,0,Private
103,1673,11,6,Private
103,1683,8,3.5,Private
103,1693,6,2,Private
103,1700,4,1.5,Private
103,1706,1,0.5,Private
103,1735,2,0.5,Private
103,1736,2,2,Private
103,1746,3,1.5,Public
103,1757,2,0.5,Private
103,1759,2,1,Private
103,1762,2,0.5,Public
103,1773,5,3.5,Private
103,1779,1,1,Private
103,1781,5,2.5,Private
103,1797,3,1.5,Private
103,1799,1,1,Public
103,1805,8,3,Private
103,1814,2,0.5,Private
103,1825,8,2.5,Private
103,1829,5,3,Private
103,1831,7,4,Private
103,1835,5,3,Private
103,1848,8,3.5,Private
103,1852,6,3.5,Private
103,1855,6,3,Private
103,1860,6,4.5,Private
103,1863,6,4,Private
103,1866,3,1,Private
103,1880,2,1.5,Private
103,1903,2,1.5,Private
103,1925,4,2,Private
103,1932,7,2,Public
103,1942,9,5,Private
103,1944,3,1.5,Private
103,1951,1,0.5,Private
103,1961,1,0.5,Private
103,1964,5,4,Private
103,1972,8,3.5,Public
103,1979,1,1,Private
103,2002,1,0,Private
103,2056,1,0,Private
103,2057,4,1.5,Private
103,2059,3,3,Private
103,2084,3,2,Private
103,2085,5,2,Private
103,2086,1,0.5,Private
103,2103,8,4.5,Private
103,2105,3,1.5,Private
103,2112,6,3,Private
103,2129,1,0.5,Private
103,2132,7,1.5,Private
103,2146,4,2.5,Private
103,2148,3,1.5,Private
103,2155,1,0.5,Private
103,2185,11,5,Private
103,2224,6,2.5,Private
103,2230,1,1,Private
103,2235,4,2.5,Private
103,2238,2,0,Private
103,2250,1,0,Public
103,2252,11,6.5,Private
103,2256,5,3,Private
103,2270,4,1.5,Private
103,2283,5,3.5,Private
103,2295,6,3,Private
103,2308,7,1.5,Private
103,2311,2,0,Private
103,2313,6,2.5,Private
103,2327,1,0,Private
103,2329,4,1,Private
103,2332,1,0.5,Private
103,2334,3,2,Private
103,2339,1,0.5,Private
103,2351,7,4.5,Private
103,2353,2,1,Private
103,2364,1,0.5,Private
103,2395,4,2,Private
103,2444,4,2,Public
103,2483,2,1,Private
103,2513,4,1.5,Private
103,2524,3,1.5,Private
103,2542,2,1,Private
103,2548,8,3,Private
103,2551,4,3,Private
103,2555,7,1.5,Private
103,2560,4,2.5,Private
103,2574,9,5.5,Private
103,2576,7,3.5,Private
103,2603,6,2.5,Private
103,2605,7,4,Private
103,2609,2,1.5,Private
103,2640,4,2,Private
103,2667,4,2,Private
103,2693,1,0.5,Private
103,2696,2,0,Public
103,2699,1,0,Private
103,2714,2,0.5,Private
103,2717,3,1.5,Private
103,2731,3,1.5,Private
103,2734,2,1,Public
103,2739,2,1,Private
103,2762,1,0.5,Private
103,2766,2,1.5,Private
103,2771,3,1.5,Private
103,2793,1,0.5,Private
103,2813,4,2,Private
103,2823,2,0.5,Private
103,2824,1,0.5,Public
103,2830,6,5,Private
103,2836,2,0.5,Private
103,2841,4,2,Private
103,2847,2,1,Public
103,2881,1,0,Private
103,2897,8,5,Public
103,2904,7,4.5,Private
103,2907,3,0.5,Private
103,2918,5,1,Private
103,2920,4,1.5,Public
103,2956,6,4.5,Public
103,2959,4,1.5,Private
103,2991,4,1.5,Public
103,2997,1,1,Private
103,3013,4,1.5,Private
103,3016,2,1,Private
103,3017,1,0,Public
103,3037,6,3.5,Private
103,3041,3,2,Public
103,3047,6,4.5,Private
103,3050,5,1.5,Private
103,3054,4,2,Public
103,3060,3,1,Private
103,3062,8,4.5,Private
103,3114,1,0.5,Private
103,3130,4,1,Private
103,3132,1,0.5,Public
103,3155,2,1,Private
103,3184,7,5,Public
103,3187,1,0,Private
103,3190,5,3,Private
103,3193,1,1,Private
103,3242,7,4,Private
103,3253,3,0,Private
103,3254,6,4,Private
103,3260,2,0,Private
103,3272,9,6,Private
103,3278,10,6.5,Private
103,3288,11,4,Private
103,3293,2,1.5,Private
103,3297,1,0.5,Private
103,3330,7,4,Private
103,3352,6,2,Public
103,3360,3,1.5,Private
103,3362,2,1,Private
103,3377,10,3,Private
103,3386,2,0.5,Private
103,3404,4,1.5,Public
103,3405,5,3.5,Private
103,3435,9,3,Private
103,3443,6,4,Private
103,3459,4,2,Public
103,3470,5,3.5,Private
103,3472,4,1.5,Private
103,3475,3,0,Private
103,3476,1,0.5,Public
103,3479,3,1,Private
103,3500,6,2.5,Private
103,3507,5,3.5,Private
103,3521,9,5.5,Private
103,3538,5,2.5,Private
103,3540,1,0,Private
103,3564,2,1,Private
103,3565,2,0.5,Private
103,3575,7,4.5,Public
103,3582,2,1.5,Private
103,3588,11,7,Private
103,3608,2,0.5,Private
103,3614,2,0.5,Private
103,3648,8,5,Private
103,3653,3,2,Private
103,3655,3,2,Private
103,3698,3,1,Public
103,3705,6,2.5,Private
103,3707,3,0.5,Private
103,3768,2,0.5,Public
103,3772,3,0.5,Private
103,3777,4,1.5,Private
103,3797,4,1.5,Public
103,3810,4,1.5,Private
103,3816,8,3.5,Private
103,3818,2,0.5,Private
103,3834,8,5.5,Private
103,3849,4,0.5,Private
103,3863,2,0,Public
103,3882,6,3.5,Private
103,3892,2,0,Private
103,3900,3,2,Private
103,3902,10,5,Private
103,3915,3,1,Private
103,3916,1,0,Private
103,3920,5,2.5,Public
103,3934,2,0,Private
103,3965,4,3,Private
103,3971,3,2.5,Private
103,3980,2,1,Private
103,3981,2,1.5,Private
103,3983,2,1.5,Private
103,3990,2,1,Public
103,3991,1,0.5,Private
103,4015,2,1,Public
103,4019,1,1,Private
103,4033,3,2,Public
103,4037,5,2.5,Public
103,4056,1,0,Private
103,4057,2,0,Private
103,4063,2,1.5,Public
103,4064,2,1,Private
103,4068,1,0.5,Private
103,4073,3,2,Private
103,4088,4,1,Private
103,4108,2,1.5,Public
103,4120,3,1,Public
103,4127,1,0,Private
103,4135,2,0,Private
103,4137,2,1,Public
103,4138,4,1,Private
103,4155,1,0.5,Private
103,4175,4,1,Public
103,4194,6,3.5,Private
103,4201,2,0.5,Public
103,4216,6,3.5,Private
103,4240,2,0,Private
103,4254,5,2.5,Private
103,4256,1,0,Private
103,4287,3,2,Private
103,4304,1,0,Private
103,4315,2,1,Public
103,4341,4,3,Private
103,4348,1,0,Private
103,4375,2,2,Private
103,4376,7,3,Private
103,4381,6,3.5,Private
103,4383,1,1,Private
103,4399,4,1.5,Private
103,4400,1,0.5,Private
103,4401,7,4.5,Private
103,4419,6,4,Public
103,4423,9,4.5,Private
103,4432,4,2,Private
103,4446,2,1.5,Private
103,4479,2,1.5,Private
103,4484,5,3,Private
103,4488,8,6,Private
103,4515,5,3,Private
103,4524,3,2,Private
103,4529,2,1,Private
103,4532,11,7.5,Private
103,4537,1,1,Public
103,4562,7,3,Private
103,4564,2,1,Private
103,4576,2,1,Public
103,4577,4,2.5,Private
103,4584,1,0,Private
103,4610,3,2,Private
103,4613,4,2,Public
103,4616,1,0.5,Private
103,4618,3,1.5,Private
103,4628,8,4.5,Private
103,4631,2,0.5,Public
103,4671,6,1.5,Public
103,4674,4,2,Private
103,4676,2,1,Public
103,4685,3,0,Private
103,4687,1,0.5,Private
103,4694,6,3.5,Private
103,4700,9,6,Private
103,4708,5,2,Private
103,4745,5,1,Public
103,4753,8,5,Private
103,4766,3,1.5,Public
103,4772,4,2,Private
103,4777,2,0.5,Private
103,4783,7,3,Public
103,4791,3,0.5,Private
103,4810,3,0,Private
103,4812,2,0,Private
103,4814,3,2,Private
103,4842,1,0,Private
103,4847,2,0,Private
103,4850,9,4.5,Private
103,4852,2,1,Public
103,4857,3,2,Public
103,4862,15,9,Private
103,4876,4,1.5,Private
103,4877,2,2,Private
103,4886,4,0.5,Private
103,4898,11,6,Public
103,4908,2,0.5,Private
103,4911,3,1,Private
103,4917,3,1,Private
103,4931,3,2,Private
103,4948,2,1,Private
103,4954,3,1.5,Private
103,4955,11,7,Private
103,4959,2,0.5,Private
103,4971,4,1.5,Private
103,4973,4,2,Public
103,4982,3,2,Private
103,5011,8,5,Private
103,5013,4,0.5,Private
103,5023,11,6,Public
103,5026,6,0,Private
103,5036,2,0.5,Private
103,5047,4,3,Public
103,5050,5,4,Private
103,5051,7,3,Private
103,5068,2,1.5,Private
103,5082,8,6,Private
103,5089,9,4,Private
103,5090,4,3.5,Private
103,5097,8,4,Private
103,5116,5,1,Private
103,5140,6,2.5,Private
103,5142,1,0.5,Public
103,5164,2,1,Private
103,5172,2,1,Public
103,5173,2,0.5,Private
103,5183,3,1.5,Private
103,5185,4,2,Private
103,5187,9,5.5,Private
103,5209,2,1.5,Public
103,5226,7,2.5,Private
103,5247,3,1,Private
103,5254,7,4.5,Private
103,5257,2,0.5,Private
103,5258,12,7,Public
103,5270,4,3,Private
103,5299,4,1.5,Private
103,5311,2,1.5,Public
103,5315,7,4.5,Private
103,5325,2,0,Private
103,5327,7,3.5,Public
103,5356,4,1,Private
103,5373,3,0.5,Private
103,5380,1,1,Public
103,5396,8,3,Private
103,5408,3,0,Private
103,5415,4,3,Private
103,5419,6,3.5,Private
103,5441,8,4,Private
103,5448,4,2,Private
103,5453,5,2.5,Private
103,5456,2,1.5,Private
103,5463,8,3.5,Private
103,5472,1,0,Private
103,5473,7,4,Private
103,5477,8,4,Public
103,5482,3,2,Public
103,5510,6,2.5,Public
103,5516,3,0.5,Private
103,5530,3,1.5,Private
103,5545,4,1,Public
103,5558,2,1,Private
103,5566,2,0,Private
103,5573,2,0,Private
103,5596,1,1,Public
103,5602,3,1.5,Private
103,5614,8,5,Public
103,5623,4,1.5,Private
103,5658,4,2,Private
103,5675,6,2,Public
103,5681,8,4,Private
103,5737,4,2,Private
103,5740,4,1.5,Private
103,5774,3,1.5,Private
103,5798,3,2,Private
103,5802,4,1.5,Private
103,5812,6,3,Private
103,5817,2,1,Private
103,5826,4,0.5,Private
103,5837,3,0.5,Private
103,5850,3,0.5,Public
103,5863,4,3,Private
103,5865,3,0.5,Private
103,5866,9,6.5,Public
103,5868,3,1,Private
103,5870,1,1,Private
103,5875,2,1.5,Private
103,5895,6,1.5,Public
103,5906,1,0,Private
103,5914,2,1,Private
103,5919,3,1.5,Private
103,5926,3,1,Private
103,5930,4,1.5,Private
103,5933,2,0.5,Public
103,5950,7,3,Private
103,5973,6,2.5,Public
103,5976,1,0.5,Private
103,5979,6,3,Private
103,5983,1,0,Private
103,5994,2,1.5,Private
103,5995,4,2,Private
103,6000,7,1,Private
103,6002,7,4,Private
103,6012,5,3.5,Public
103,6017,3,1,Private
103,6018,5,2.5,Private
103,6038,1,1,Private
103,6040,3,1.5,Private
103,6059,2,1,Public
103,6084,4,3,Public
103,6089,6,3.5,Public
103,6119,7,4,Private
103,6123,1,0,Private
103,6125,10,4.5,Private
103,6140,6,3,Private
103,6161,2,0.5,Private
103,6168,3,1,Public
103,6181,6,3,Private
103,6191,1,0.5,Private
103,6194,3,0,Private
103,6208,4,3,Private
103,6220,11,6,Private
103,6226,3,0.5,Private
103,6263,3,2,Private
103,6268,4,2,Private
103,6270,4,2.5,Private
103,6272,4,2,Private
103,6305,10,5,Private
103,6313,5,1.5,Private
103,6324,7,4,Private
103,6328,5,2.5,Private
103,6339,3,2,Private
103,6366,4,1.5,Private
103,6391,14,7,Private
103,6410,1,0.5,Private
103,6418,2,0.5,Private
103,6439,2,1,Public
103,6447,2,1,Public
103,6449,3,1,Public
103,6451,2,0.5,Public
103,6460,3,0.5,Public
103,6532,1,0.5,Public
103,6543,5,3,Private
103,6548,2,0.5,Private
103,6554,3,1,Private
103,6556,1,0.5,Private
103,6578,4,2,Public
103,6586,4,2,Private
103,6605,1,0.5,Private
103,6621,1,0,Private
103,6629,1,0.5,Private
103,6636,1,0,Private
103,6647,1,1,Public
103,6680,7,4,Private
103,6691,3,2,Public
103,6701,3,1.5,Private
103,6738,2,1,Private
103,6741,2,0,Private
103,6745,4,2,Private
103,6747,3,1,Private
103,6754,5,3,Private
103,6776,7,2.5,Private
103,6806,3,1,Private
103,6808,2,0.5,Private
103,6811,1,1,Public
103,6815,3,2,Public
103,6819,3,2.5,Private
103,6828,4,2,Public
103,6834,4,2.5,Private
103,6844,3,0.5,Private
103,6850,7,4,Private
103,6854,5,3,Private
103,6862,1,0.5,Private
103,6864,4,1,Private
103,6891,7,3,Public
103,6895,7,5,Private
103,6926,4,2,Private
103,6944,12,8,Private
103,6946,7,3,Private
103,6951,3,1.5,Private
103,6979,2,0.5,Private
103,6993,14,9.5,Private
103,6997,2,2,Private
103,7002,2,1.5,Public
103,7027,5,1.5,Private
103,7038,2,1,Private
103,7041,1,0.5,Private
103,7043,2,1,Private
103,7053,3,2.5,Private
103,7065,1,0.5,Private
103,7069,7,5,Public
103,7073,2,1.5,Private
103,7087,4,1.5,Private
103,7096,2,1,Private
103,7106,6,4.5,Private
103,7115,2,0,Private
103,7117,4,1,Private
103,7139,1,0.5,Private
103,7141,5,2.5,Public
103,7142,1,1,Public
103,7158,3,1.5,Private
103,7165,4,2,Private
103,7193,3,1.5,Private
103,7217,5,4,Private
103,7230,5,3.5,Public
103,7238,6,1.5,Private
103,7248,2,0.5,Private
103,7286,4,2.5,Private
103,7306,2,1.5,Public
103,7312,4,3,Private
103,7327,4,1.5,Private
103,7348,2,0.5,Public
103,7351,4,1,Private
103,7353,4,3,Private
103,7364,6,4.5,Public
103,7365,6,2.5,Private
103,7375,1,0,Public
103,7417,1,0.5,Private
103,7431,5,2,Private
103,7441,5,2.5,Private
103,7448,2,1,Public
103,7450,9,6,Private
103,7464,2,0.5,Public
103,7467,4,3,Private
103,7483,1,0.5,Private
103,7498,2,0.5,Private
103,7510,6,3.5,Private
103,7520,2,0.5,Private
103,7528,8,5.5,Private
103,7530,1,0.5,Private
103,7559,9,5.5,Private
103,7577,4,3,Private
103,7587,3,1.5,Private
103,7591,2,0.5,Private
103,7593,6,3,Private
103,7625,7,1.5,Private
103,7661,3,2,Private
103,7663,2,1.5,Private
103,7669,4,3,Private
103,7682,2,0.5,Private
103,7684,3,0.5,Private
103,7709,4,2,Private
103,7715,6,3,Private
103,7723,2,0.5,Public
103,7746,3,1.5,Public
103,7747,4,2,Private
103,7749,5,2.5,Private
103,7761,2,2,Public
103,7763,2,1,Public
103,7776,10,4.5,Private
103,7802,6,3,Private
103,7805,3,2.5,Private
103,7819,3,0.5,Private
103,7833,4,3,Private
103,7835,5,3,Private
103,7848,6,3.5,Private
103,7856,4,1.5,Private
103,7865,4,1.5,Public
103,7879,8,3.5,Private
103,7890,3,1,Private
103,7901,1,1,Public
103,7914,8,3,Private
103,7919,3,0,Public
103,7925,2,0.5,Private
103,7935,1,0.5,Private
103,7959,6,3,Private
103,7963,1,0.5,Private
103,7973,3,1,Public
103,7980,1,0.5,Public
103,7989,2,1.5,Private
103,8006,3,2,Private
103,8016,6,4,Private
103,8028,4,2,Private
103,8035,5,3,Private
103,8041,1,0.5,Private
103,8084,10,4.5,Private
103,8088,2,0.5,Private
103,8111,6,4,Private
103,8152,8,4.5,Private
103,8156,1,0.5,Public
103,8162,4,2,Private
103,8177,4,2.5,Public
103,8183,2,0,Private
103,8189,10,6.5,Private
103,8206,2,1.5,Private
103,8212,6,4,Private
103,8214,6,4,Private
103,8218,6,3,Private
103,8233,2,1.5,Private
103,8242,6,3.5,Private
103,8246,2,0.5,Private
103,8251,1,0,Private
103,8263,1,0.5,Private
103,8267,3,1.5,Private
103,8277,6,2.5,Private
103,8287,7,4.5,Private
103,8288,3,2,Private
103,8295,6,3,Private
103,8311,2,1,Private
103,8320,6,4,Private
103,8330,1,0,Public
103,8337,1,0.5,Private
103,8338,2,0.5,Private
103,8341,8,4.5,Private
103,8342,3,2,Private
103,8349,1,0.5,Private
103,8355,6,4,Private
103,8375,8,4,Private
103,8388,6,1,Private
103,8415,7,3,Private
103,8447,2,1,Private
103,8449,1,0.5,Private
103,8465,2,2,Private
103,8486,4,1,Public
103,8488,2,1.5,Private
103,8523,6,2.5,Private
103,8533,3,1,Private
103,8546,4,2.5,Private
103,8552,9,4,Private
103,8560,6,3.5,Private
103,8597,6,3,Private
103,8607,1,0.5,Private
103,8611,2,0.5,Private
103,8617,2,0.5,Private
103,8619,3,0,Private
103,8621,4,2,Public
103,8629,5,2.5,Private
104,1,4,2.5,Public
104,4,2,1,Private
104,10,1,0,Private
104,11,5,1,Private
104,36,3,1.5,Private
104,43,2,0.5,Private
104,46,6,4.5,Private
104,64,1,0,Public
104,102,2,1.5,Private
104,114,2,1,Private
104,143,3,1.5,Private
104,145,4,2,Public
104,147,6,1.5,Private
104,158,6,2.5,Private
104,172,3,1,Private
104,187,8,5,Public
104,193,7,4.5,Public
104,204,5,2,Private
104,207,5,2.5,Private
104,213,8,4,Private
104,220,6,2,Private
104,226,6,4,Private
104,228,5,3,Private
104,235,1,0.5,Public
104,243,6,3.5,Private
104,260,2,1,Private
104,272,3,1.5,Private
104,275,10,4,Private
104,287,2,1,Private
104,295,1,0.5,Private
104,304,2,0,Private
104,306,1,0.5,Private
104,313,3,1,Public
104,316,1,0.5,Private
104,346,2,0,Private
104,349,1,0,Private
104,365,3,1.5,Private
104,384,3,3,Private
104,386,11,7,Private
104,389,6,3,Public
104,391,2,2,Private
104,392,7,3,Private
104,408,5,3,Public
104,414,2,0,Private
104,428,3,1,Public
104,429,3,1.5,Private
104,436,2,2,Private
104,440,2,1.5,Public
104,447,1,0.5,Private
104,452,2,1.5,Private
104,466,3,1,Private
104,501,3,1.5,Public
104,522,6,3,Private
104,557,3,1.5,Private
104,562,7,2.5,Private
104,567,1,0.5,Private
104,568,1,0,Private
104,572,4,1.5,Private
104,584,6,2.5,Private
104,595,4,2,Public
104,598,2,1,Private
104,603,3,0.5,Private
104,610,2,1.5,Public
104,617,4,2,Private
104,638,5,2,Private
104,639,5,2.5,Public
104,648,1,0,Private
104,658,8,5.5,Private
104,662,3,1.5,Private
104,664,4,1,Private
104,670,6,3,Private
104,675,13,7.5,Private
104,733,5,5,Public
104,742,3,1.5,Public
104,751,2,0.5,Private
104,788,7,5,Private
104,813,3,2,Private
104,856,3,2,Private
104,876,1,0,Private
104,895,2,1.5,Private
104,902,2,1,Private
104,914,12,7.5,Public
104,918,1,0.5,Private
104,928,4,1.5,Public
104,943,5,3,Private
104,947,4,0.5,Private
104,954,2,0.5,Private
104,966,2,1.5,Private
104,973,5,3,Private
104,975,1,0,Public
104,1019,5,2,Private
104,1020,7,3.5,Private
104,1025,10,4,Public
104,1045,6,2.5,Public
104,1089,3,2,Private
104,1093,3,1.5,Private
104,1095,4,2.5,Public
104,1098,7,4.5,Private
104,1099,7,3.5,Private
104,1127,1,0,Private
104,1134,4,2,Public
104,1136,2,1.5,Private
104,1148,3,1,Private
104,1149,1,1,Private
104,1161,2,0.5,Private
104,1169,5,2.5,Private
104,1187,10,6.5,Private
104,1191,3,0.5,Private
104,1202,3,1.5,Public
104,1207,4,0.5,Public
104,1211,7,5,Private
104,1230,4,1.5,Private
104,1235,9,6.5,Public
104,1242,4,1,Private
104,1246,3,1,Private
104,1248,4,1,Private
104,1254,3,1,Private
104,1262,1,0,Private
104,1265,3,2.5,Private
104,1286,10,5.5,Private
104,1288,1,1,Public
104,1305,2,1,Private
104,1320,3,1.5,Private
104,1321,4,2,Public
104,1325,7,2.5,Private
104,1331,2,0.5,Private
104,1347,1,0.5,Private
104,1357,9,5.5,Private
104,1373,4,2,Private
104,1374,4,1.5,Public
104,1376,3,1.5,Public
104,1397,6,3,Private
104,1431,4,2,Private
104,1452,2,1.5,Private
104,1455,10,4,Private
104,1462,1,0.5,Private
104,1470,2,0.5,Public
104,1500,4,2.5,Private
104,1502,1,0,Private
104,1538,6,4,Private
104,1563,1,0.5,Private
104,1570,9,5,Public
104,1584,5,2,Public
104,1591,3,2,Public
104,1592,4,2.5,Private
104,1594,5,3.5,Public
104,1610,4,1,Private
104,1635,2,2,Public
104,1657,6,2.5,Public
104,1673,3,0.5,Public
104,1704,3,1.5,Private
104,1716,13,4.5,Private
104,1730,5,2.5,Private
104,1735,3,1,Public
104,1736,2,1,Private
104,1750,5,1.5,Private
104,1759,8,3,Public
104,1762,3,1.5,Public
104,1773,6,3.5,Private
104,1781,7,3,Private
104,1782,7,4,Public
104,1797,6,3.5,Private
104,1799,14,7,Private
104,1805,1,0.5,Private
104,1811,2,1.5,Public
104,1812,10,3,Public
104,1837,6,2,Private
104,1848,2,1.5,Public
104,1852,4,2,Private
104,1856,5,2,Private
104,1880,3,2,Private
104,1884,6,3.5,Private
104,1903,5,3,Private
104,1925,4,2.5,Private
104,1951,3,0,Public
104,1961,8,3,Private
104,1964,8,4.5,Private
104,1972,3,1,Private
104,1982,5,0,Private
104,2000,2,1,Private
104,2013,8,5.5,Private
104,2027,5,2.5,Public
104,2033,3,2.5,Public
104,2035,6,3,Public
104,2038,5,3.5,Private
104,2064,4,1,Private
104,2084,5,1.5,Private
104,2086,5,1.5,Private
104,2088,3,1,Private
104,2091,5,2,Private
104,2095,5,4,Public
104,2099,4,2,Private
104,2112,6,3,Private
104,2129,1,0.5,Private
104,2144,9,4,Private
104,2148,5,2.5,Private
104,2155,5,3,Private
104,2173,4,1.5,Private
104,2175,7,4,Public
104,2182,4,2,Private
104,2188,6,3.5,Private
104,2197,2,1.5,Private
104,2230,6,3,Private
104,2238,7,2,Private
104,2250,3,2,Public
104,2252,2,1,Private
104,2270,2,0.5,Public
104,2283,7,5,Private
104,2295,4,2,Private
104,2325,1,0.5,Private
104,2327,2,0.5,Private
104,2332,5,3.5,Public
104,2345,5,1.5,Private
104,2364,1,0.5,Private
104,2381,7,3.5,Public
104,2409,4,2,Public
104,2442,7,5,Private
104,2462,6,3,Private
104,2463,2,0.5,Private
104,2479,7,2.5,Public
104,2483,8,4.5,Public
104,2513,4,1.5,Private
104,2533,6,3.5,Private
104,2536,9,3.5,Private
104,2548,3,1,Private
104,2551,7,0.5,Private
104,2560,3,1,Private
104,2572,6,3,Public
104,2574,3,2,Private
104,2576,2,1.5,Private
104,2581,3,2,Private
104,2599,14,10,Private
104,2605,7,3.5,Private
104,2609,6,4,Private
104,2640,5,3,Private
104,2667,2,1.5,Private
104,2669,3,1.5,Private
104,2679,8,3.5,Private
104,2683,8,4,Private
104,2689,5,2.5,Private
104,2693,6,1.5,Public
104,2696,3,1,Public
104,2699,4,3,Private
104,2714,1,0.5,Private
104,2730,1,0.5,Public
104,2731,4,1,Private
104,2734,5,2,Public
104,2766,3,1.5,Private
104,2771,1,0,Private
104,2773,4,2,Private
104,2793,2,0.5,Private
104,2796,2,0.5,Private
104,2809,5,1.5,Private
104,2823,3,1.5,Private
104,2824,5,3.5,Private
104,2849,1,0.5,Private
104,2881,4,1,Private
104,2897,2,1.5,Private
104,2903,18,10,Public
104,2920,2,1,Private
104,2956,8,4.5,Private
104,2997,8,6.5,Public
104,3013,6,3.5,Private
104,3017,4,1,Private
104,3041,8,4,Private
104,3042,2,0.5,Private
104,3047,8,5.5,Public
104,3054,5,2.5,Private
104,3060,4,2.5,Private
104,3065,4,0.5,Private
104,3070,1,0,Private
104,3076,7,5,Private
104,3119,5,2.5,Private
104,3132,9,5,Private
104,3147,4,2,Private
104,3155,7,2,Private
104,3158,3,0,Public
104,3162,5,1,Private
104,3184,3,2.5,Private
104,3242,3,2.5,Private
104,3260,2,2,Private
104,3264,2,0,Private
104,3266,5,0.5,Private
104,3278,16,9,Private
104,3322,4,2,Private
104,3330,4,2,Private
104,3344,6,2,Private
104,3352,2,0.5,Private
104,3381,6,1.5,Private
104,3426,1,0,Private
104,3439,4,2,Private
104,3443,13,6,Private
104,3461,3,1.5,Private
104,3472,4,2,Public
104,3475,7,3.5,Public
104,3479,1,0.5,Private
104,3488,8,5,Private
104,3500,3,1.5,Private
104,3507,5,3,Private
104,3518,8,5,Private
104,3538,8,4,Private
104,3544,8,2.5,Private
104,3564,6,3,Private
104,3582,4,2,Private
104,3588,4,2,Private
104,3590,4,2.5,Private
104,3648,7,3,Private
104,3655,7,3,Private
104,3678,6,4.5,Private
104,3681,6,4,Private
104,3693,4,1,Public
104,3694,6,3.5,Public
104,3699,4,0.5,Private
104,3707,3,0.5,Private
104,3709,1,0,Private
104,3711,2,0.5,Private
104,3728,2,1.5,Public
104,3768,1,0,Public
104,3770,7,5,Private
104,3777,2,0.5,Public
104,3782,8,3,Private
104,3787,4,1,Private
104,3818,5,3,Private
104,3834,5,1.5,Public
104,3837,6,4,Public
104,3849,2,0.5,Private
104,3853,4,1,Private
104,3863,2,1,Private
104,3866,2,1,Public
104,3870,4,2,Private
104,3882,4,2,Public
104,3887,6,4.5,Private
104,3907,1,0,Private
104,3909,5,2,Private
104,3912,5,2,Private
104,3916,1,1,Private
104,3934,1,0,Private
104,3938,8,4,Private
104,3944,2,1.5,Public
104,3968,2,1,Public
104,3971,3,2.5,Public
104,3980,13,6,Private
104,3981,1,0,Private
104,3982,2,0.5,Private
104,3990,4,3,Public
104,3991,7,4,Private
104,4004,2,0,Private
104,4019,2,1,Private
104,4037,10,5.5,Private
104,4047,1,0.5,Private
104,4057,2,1,Private
104,4068,1,0,Private
104,4071,6,3.5,Private
104,4073,8,5.5,Public
104,4082,2,1.5,Private
104,4084,3,2,Private
104,4092,5,3.5,Private
104,4108,1,0.5,Public
104,4127,1,0,Private
104,4138,3,2,Private
104,4144,1,0,Private
104,4162,15,9.5,Private
104,4171,6,3,Private
104,4175,1,0.5,Private
104,4176,1,0.5,Private
104,4189,2,1,Public
104,4194,2,1.5,Public
104,4208,6,2,Private
104,4216,3,2,Private
104,4244,5,3.5,Public
104,4254,8,6,Private
104,4256,3,2,Private
104,4286,7,4,Private
104,4287,18,9,Private
104,4307,3,2,Private
104,4331,1,0.5,Private
104,4341,7,1.5,Private
104,4342,4,0.5,Public
104,4375,2,1.5,Private
104,4376,7,3,Private
104,4381,5,2,Private
104,4422,1,0,Private
104,4432,3,1.5,Private
104,4479,8,3.5,Private
104,4481,6,1.5,Private
104,4484,5,2.5,Private
104,4488,7,3,Public
104,4496,1,1,Private
104,4515,5,1.5,Private
104,4538,1,0,Private
104,4542,2,0.5,Public
104,4562,7,4,Private
104,4564,7,4,Private
104,4576,14,10,Private
104,4577,1,0.5,Private
104,4585,5,2,Private
104,4609,1,0.5,Private
104,4628,5,3.5,Private
104,4649,3,1,Private
104,4673,1,0.5,Private
104,4676,5,2.5,Private
104,4685,2,0.5,Private
104,4694,3,2,Private
104,4700,6,2.5,Private
104,4753,6,2.5,Private
104,4757,4,3.5,Private
104,4772,4,0.5,Private
104,4777,9,5,Public
104,4783,5,2.5,Private
104,4791,2,0.5,Private
104,4810,2,2,Private
104,4812,4,1.5,Private
104,4814,4,1.5,Private
104,4819,6,3,Private
104,4832,2,0.5,Private
104,4850,4,2.5,Private
104,4862,8,4.5,Public
104,4876,2,1,Private
104,4877,12,6,Private
104,4881,4,1,Private
104,4883,1,0.5,Private
104,4886,4,1,Public
104,4898,2,1,Private
104,4907,1,1,Private
104,4911,9,5,Private
104,4931,4,2,Public
104,4960,3,1.5,Private
104,4990,6,4,Private
104,4999,4,3.5,Private
104,5002,9,3,Private
104,5023,3,1,Private
104,5026,2,0,Private
104,5061,6,4,Private
104,5068,4,1.5,Private
104,5072,13,7,Private
104,5079,3,1.5,Public
104,5082,4,3,Private
104,5083,5,1,Private
104,5089,1,0,Public
104,5101,1,0,Public
104,5106,3,2,Public
104,5116,1,0,Private
104,5128,1,0,Private
104,5136,5,3,Private
104,5140,4,3.5,Public
104,5155,2,0,Public
104,5167,1,0.5,Private
104,5170,4,3,Private
104,5181,3,1,Private
104,5185,3,2,Private
104,5187,5,2.5,Public
104,5209,6,3.5,Private
104,5224,3,1,Private
104,5233,12,7,Private
104,5247,1,0.5,Private
104,5254,17,10.5,Private
104,5257,5,2.5,Private
104,5258,2,1.5,Private
104,5280,2,0,Public
104,5315,3,1.5,Private
104,5333,2,1.5,Private
104,5342,3,2,Public
104,5345,1,0,Private
104,5359,2,1.5,Private
104,5360,3,1,Private
104,5365,8,5,Private
104,5373,1,0.5,Private
104,5415,3,2,Private
104,5417,1,0.5,Private
104,5435,3,2,Private
104,5448,2,0,Private
104,5456,7,3.5,Public
104,5463,3,1,Private
104,5472,10,6.5,Private
104,5475,1,0.5,Private
104,5477,3,0.5,Private
104,5482,10,6,Public
104,5530,7,3,Private
104,5534,4,2,Public
104,5558,5,3,Public
104,5580,4,2,Private
104,5593,2,0.5,Private
104,5614,8,3,Private
104,5623,3,2,Private
104,5627,6,5,Private
104,5675,3,2,Public
104,5736,5,1.5,Private
104,5764,8,4.5,Private
104,5774,4,2.5,Private
104,5812,6,2.5,Private
104,5826,1,0,Private
104,5833,5,2.5,Public
104,5836,1,0,Public
104,5850,1,0,Private
104,5866,1,0.5,Private
104,5870,6,2.5,Private
104,5871,3,0,Private
104,5893,3,2.5,Private
104,5895,4,0.5,Private
104,5905,11,4.5,Private
104,5914,6,4,Private
104,5919,3,1.5,Private
104,5933,7,5.5,Private
104,5942,14,6.5,Private
104,5960,7,4,Private
104,5963,1,0,Private
104,5983,8,4.5,Private
104,6002,1,0.5,Private
104,6015,5,1.5,Private
104,6018,4,1.5,Private
104,6038,5,3,Private
104,6049,15,8.5,Private
104,6055,2,0.5,Private
104,6061,4,2,Private
104,6073,1,0.5,Public
104,6078,4,2,Private
104,6084,5,3,Public
104,6086,4,2,Public
104,6096,5,3.5,Private
104,6119,7,4.5,Private
104,6140,6,3.5,Public
104,6155,8,4,Private
104,6161,5,1,Private
104,6165,10,6.5,Public
104,6166,5,2.5,Public
104,6179,1,0.5,Private
104,6191,4,2.5,Private
104,6196,4,2,Private
104,6208,2,1,Private
104,6226,3,1.5,Private
104,6272,4,2,Private
104,6281,1,0.5,Private
104,6289,7,4.5,Private
104,6298,4,1.5,Private
104,6304,1,0,Private
104,6305,7,3.5,Private
104,6311,9,4.5,Private
104,6324,9,6.5,Private
104,6339,5,3.5,Private
104,6349,5,2,Private
104,6362,7,3,Private
104,6373,7,5.5,Private
104,6429,1,0.5,Private
104,6433,7,1,Private
104,6439,2,0.5,Private
104,6447,2,0,Private
104,6451,6,2,Private
104,6462,1,0.5,Private
104,6472,3,2,Private
104,6506,2,0.5,Private
104,6530,4,3.5,Public
104,6532,2,2,Private
104,6537,4,2.5,Public
104,6554,4,3.5,Private
104,6564,6,1.5,Private
104,6578,5,2,Public
104,6585,2,0.5,Private
104,6586,3,2,Public
104,6605,1,1,Public
104,6629,4,1.5,Public
104,6679,6,3,Private
104,6680,3,1,Private
104,6685,6,3,Private
104,6691,5,4,Private
104,6709,4,2,Private
104,6719,2,1.5,Private
104,6745,2,1.5,Private
104,6754,6,2.5,Private
104,6770,3,1.5,Private
104,6776,2,1,Private
104,6778,7,4,Private
104,6782,2,1.5,Public
104,6798,3,2.5,Private
104,6803,3,0.5,Private
104,6819,6,2.5,Public
104,6828,5,3.5,Public
104,6833,3,2,Private
104,6834,2,0.5,Private
104,6835,1,0.5,Private
104,6840,12,6.5,Private
104,6844,5,2,Private
104,6850,1,1,Private
104,6854,5,4,Private
104,6862,5,2,Private
104,6866,1,0,Private
104,6875,6,2.5,Private
104,6891,6,1.5,Public
104,6899,11,6.5,Private
104,6920,5,3.5,Private
104,6931,1,0.5,Private
104,6944,8,3.5,Private
104,6946,8,6,Private
104,6953,2,1,Private
104,6997,5,2.5,Public
104,7000,1,0,Private
104,7038,4,0.5,Private
104,7043,2,0.5,Private
104,7048,2,0,Private
104,7053,4,2.5,Private
104,7073,1,0.5,Private
104,7090,1,0,Private
104,7096,12,7.5,Public
104,7106,2,1,Private
104,7107,2,0.5,Public
104,7112,6,2.5,Private
104,7115,4,1.5,Private
104,7119,6,2.5,Private
104,7134,12,7,Public
104,7139,5,3,Private
104,7141,5,2,Private
104,7142,2,0.5,Private
104,7165,1,0.5,Public
104,7168,3,1.5,Public
104,7176,2,0.5,Private
104,7189,7,4.5,Private
104,7228,6,4.5,Private
104,7262,9,5,Private
104,7286,6,3.5,Private
104,7314,8,4.5,Private
104,7325,3,1.5,Public
104,7350,1,1,Private
104,7364,5,2,Public
104,7366,6,3.5,Public
104,7375,4,2,Private
104,7441,6,2.5,Public
104,7450,6,5,Private
104,7453,2,0.5,Private
104,7455,7,5,Public
104,7458,1,0.5,Private
104,7479,7,4.5,Private
104,7482,5,2,Private
104,7501,1,0.5,Private
104,7504,9,5.5,Private
104,7510,2,1,Private
104,7514,1,1,Private
104,7518,2,1,Private
104,7528,7,4,Private
104,7530,4,0.5,Public
104,7548,1,0,Private
104,7559,5,2.5,Private
104,7587,1,0.5,Private
104,7593,1,1,Public
104,7616,6,3,Private
104,7619,3,2,Private
104,7625,1,0.5,Private
104,7637,3,2,Private
104,7638,6,3.5,Public
104,7650,5,2,Private
104,7665,2,0.5,Private
104,7669,2,0.5,Private
104,7673,2,0.5,Private
104,7678,4,2.5,Private
104,7680,3,1,Private
104,7684,1,1,Private
104,7709,1,0,Private
104,7731,2,1.5,Private
104,7751,5,0.5,Private
104,7758,5,3.5,Private
104,7769,2,0.5,Private
104,7776,5,2.5,Private
104,7802,2,0.5,Private
104,7816,1,1,Private
104,7831,4,2,Private
104,7833,7,5,Private
104,7835,2,0,Private
104,7885,3,1,Public
104,7901,4,0.5,Private
104,7905,1,0,Private
104,7919,4,3,Private
104,7925,2,0.5,Private
104,7935,2,0,Private
104,7949,1,0.5,Public
104,7980,5,1.5,Private
104,7989,7,2.5,Private
104,7998,7,4,Private
104,8006,1,1,Private
104,8016,6,3.5,Private
104,8035,9,4.5,Public
104,8044,2,1,Private
104,8048,7,3,Private
104,8059,8,4,Private
104,8084,4,1.5,Private
104,8088,1,1,Private
104,8103,1,0.5,Private
104,8109,2,1.5,Private
104,8111,8,4.5,Private
104,8120,1,0.5,Private
104,8122,2,0,Private
104,8158,2,0.5,Private
104,8162,6,4.5,Private
104,8175,3,0.5,Public
104,8177,2,2,Private
104,8206,4,2,Private
104,8214,2,1,Private
104,8218,2,1,Private
104,8232,14,1.5,Public
104,8233,9,3,Private
104,8242,8,2,Private
104,8246,6,2,Private
104,8251,3,2,Private
104,8267,5,3.5,Private
104,8275,5,2.5,Private
104,8287,9,6,Private
104,8311,1,0.5,Private
104,8320,7,3.5,Private
104,8321,2,1,Private
104,8324,1,0.5,Private
104,8341,11,7.5,Private
104,8355,3,1,Private
104,8375,1,0,Private
104,8388,8,4.5,Private
104,8447,3,2.5,Private
104,8465,4,1.5,Private
104,8491,8,4.5,Private
104,8542,7,1,Public
104,8546,2,1,Public
104,8553,8,4,Private
104,8589,5,3.5,Private
104,8592,2,1,Private
104,8611,2,0,Private
104,8616,6,3.5,Public
104,8617,6,4.5,Private
104,8629,9,5.5,Private
105,4,4,2,Public
105,36,4,2.5,Private
105,46,7,2.5,Private
105,64,17,12,Private
105,96,2,1,Private
105,98,17,10,Private
105,102,3,1.5,Public
105,120,2,1,Public
105,145,9,5,Private
105,147,7,4,Private
105,158,1,1,Private
105,166,1,0.5,Private
105,174,4,3,Private
105,187,2,0.5,Private
105,193,1,0,Private
105,201,5,3.5,Private
105,207,1,0,Private
105,213,4,2,Public
105,226,8,4.5,Private
105,256,1,0.5,Private
105,260,1,0,Private
105,287,6,2,Private
105,295,7,4,Private
105,306,3,1.5,Public
105,314,3,2,Private
105,316,2,0,Private
105,321,8,4,Private
105,341,2,1,Private
105,344,3,1,Private
105,365,1,0.5,Public
105,374,5,2,Private
105,391,10,7,Private
105,392,5,2.5,Public
105,402,1,0.5,Public
105,409,2,1,Private
105,413,5,3.5,Private
105,414,7,3,Private
105,428,12,4,Private
105,429,9,5.5,Private
105,436,3,0,Private
105,437,2,1,Private
105,441,4,2.5,Private
105,447,3,1.5,Private
105,450,3,2,Public
105,491,6,1.5,Public
105,492,4,2.5,Private
105,501,7,3,Private
105,515,5,3,Private
105,536,9,4.5,Private
105,543,2,0.5,Private
105,545,1,0.5,Private
105,557,1,0.5,Private
105,567,2,1,Private
105,568,10,4,Private
105,572,2,0.5,Private
105,584,3,3,Private
105,595,7,3.5,Private
105,596,4,2.5,Private
105,614,6,2,Private
105,638,3,2.5,Private
105,639,8,6,Public
105,652,2,1.5,Private
105,657,1,1,Public
105,662,6,2.5,Private
105,664,3,1.5,Private
105,667,1,0.5,Private
105,670,6,2.5,Private
105,672,1,0,Private
105,685,3,0,Private
105,690,6,4,Private
105,700,1,0,Public
105,720,6,3.5,Private
105,733,6,5,Public
105,748,6,3,Private
105,753,3,2,Private
105,766,1,0,Private
105,778,7,3,Private
105,780,4,2,Public
105,782,5,2.5,Private
105,788,7,5,Public
105,793,4,0.5,Private
105,811,4,1,Private
105,813,1,0.5,Private
105,828,2,0.5,Private
105,838,1,0.5,Public
105,895,3,0.5,Private
105,918,5,1,Private
105,923,7,3,Public
105,928,3,1,Private
105,934,7,4,Public
105,938,1,0.5,Private
105,941,2,0.5,Private
105,943,1,1,Private
105,951,8,4,Private
105,954,2,1,Public
105,966,2,1.5,Private
105,975,1,1,Private
105,990,4,1.5,Private
105,1008,1,0.5,Private
105,1019,1,1,Private
105,1025,2,0.5,Private
105,1045,1,0.5,Public
105,1075,3,2,Private
105,1084,3,1.5,Private
105,1089,2,2,Private
105,1095,7,3,Private
105,1098,2,1.5,Private
105,1100,6,2.5,Private
105,1102,2,0,Private
105,1105,7,3.5,Private
105,1106,5,2,Private
105,1112,1,0.5,Private
105,1114,11,4,Private
105,1134,5,3.5,Private
105,1136,10,6,Private
105,1148,1,1,Private
105,1169,8,4,Public
105,1187,2,1,Private
105,1191,6,2,Private
105,1230,2,0,Private
105,1235,7,1.5,Private
105,1242,1,1,Private
105,1246,5,2.5,Private
105,1254,1,0,Public
105,1262,3,1,Public
105,1286,4,3.5,Private
105,1288,5,3.5,Private
105,1305,2,1,Private
105,1320,5,1.5,Private
105,1321,4,2,Private
105,1331,3,1.5,Public
105,1356,4,1.5,Private
105,1373,4,2.5,Private
105,1374,2,1.5,Private
105,1376,9,2.5,Public
105,1377,5,2,Public
105,1382,1,0.5,Private
105,1388,1,1,Public
105,1395,5,3,Private
105,1397,3,2.5,Private
105,1425,1,0,Private
105,1431,4,0.5,Private
105,1452,3,1.5,Private
105,1455,1,0,Private
105,1469,1,0.5,Private
105,1470,4,2,Private
105,1482,7,0.5,Private
105,1493,4,2.5,Private
105,1512,3,1,Private
105,1513,4,1.5,Public
105,1516,2,1,Private
105,1530,1,0.5,Private
105,1538,11,6,Private
105,1553,1,0.5,Private
105,1584,1,0,Private
105,1591,3,2,Private
105,1594,5,3.5,Private
105,1613,6,4,Private
105,1615,2,0.5,Public
105,1657,5,3,Private
105,1683,5,2.5,Private
105,1700,4,1,Public
105,1710,4,2,Private
105,1718,2,1,Public
105,1730,5,4,Public
105,1732,5,3,Private
105,1735,1,0.5,Private
105,1736,6,5,Private
105,1748,1,0.5,Private
105,1749,4,2,Private
105,1762,2,1,Private
105,1773,4,3,Private
105,1781,15,5.5,Public
105,1785,2,0.5,Private
105,1797,7,4,Private
105,1799,3,2,Private
105,1805,1,0.5,Private
105,1811,6,3,Private
105,1814,7,1.5,Private
105,1825,4,3,Private
105,1831,3,2.5,Private
105,1835,1,0.5,Private
105,1837,1,1,Private
105,1856,3,1,Private
105,1860,10,6,Public
105,1863,4,2.5,Private
105,1874,9,6,Private
105,1880,5,3.5,Private
105,1906,2,0.5,Private
105,1925,4,2.5,Public
105,1936,1,0.5,Private
105,1957,3,1,Private
105,1961,2,1,Private
105,1964,5,3,Private
105,1972,7,1.5,Private
105,1979,1,0,Private
105,1994,1,0,Public
105,1996,2,1,Private
105,1999,2,0,Private
105,2000,6,3,Private
105,2013,2,1.5,Private
105,2029,6,3,Public
105,2033,7,4.5,Private
105,2038,2,0,Private
105,2047,7,1.5,Private
105,2076,7,2.5,Private
105,2084,2,0.5,Private
105,2089,2,1.5,Private
105,2095,3,1,Private
105,2099,7,3.5,Private
105,2112,3,1.5,Private
105,2144,4,3,Private
105,2173,4,2.5,Private
105,2175,7,4,Private
105,2185,1,0,Private
105,2190,1,0.5,Private
105,2203,6,3,Public
105,2224,4,1.5,Private
105,2226,4,1,Public
105,2235,3,0,Private
105,2256,11,7,Private
105,2270,1,0.5,Private
105,2283,4,1.5,Public
105,2295,4,3.5,Public
105,2308,1,1,Private
105,2327,1,0.5,Private
105,2329,4,1.5,Private
105,2351,1,0.5,Private
105,2381,3,0.5,Private
105,2389,1,0,Public
105,2416,1,1,Private
105,2434,8,6,Public
105,2442,3,1,Public
105,2479,8,4,Private
105,2483,14,6.5,Private
105,2504,2,0.5,Private
105,2533,5,2.5,Private
105,2536,9,5.5,Private
105,2542,2,0.5,Private
105,2548,14,5.5,Private
105,2552,3,0.5,Public
105,2555,1,0.5,Private
105,2572,2,0,Private
105,2574,10,6.5,Private
105,2599,10,5.5,Private
105,2605,6,3,Private
105,2644,11,3,Private
105,2663,3,0.5,Private
105,2667,3,0.5,Private
105,2669,9,6,Private
105,2679,5,1,Private
105,2683,7,3.5,Private
105,2692,3,0.5,Private
105,2699,4,1.5,Private
105,2707,4,1,Private
105,2737,3,0,Public
105,2739,1,0,Public
105,2766,3,1,Private
105,2782,5,2.5,Public
105,2799,1,0.5,Private
105,2807,2,1,Private
105,2813,1,1,Private
105,2824,1,0,Private
105,2839,9,4,Private
105,2841,8,3,Private
105,2849,1,0,Private
105,2867,2,1.5,Private
105,2879,2,1,Private
105,2883,7,3.5,Public
105,2888,7,4,Private
105,2897,6,2,Private
105,2903,3,3,Private
105,2904,1,0.5,Public
105,2912,7,4.5,Private
105,2918,2,0.5,Private
105,2932,6,4.5,Private
105,2956,9,5,Public
105,2959,4,2,Private
105,2979,5,4,Private
105,2991,1,0.5,Private
105,2997,11,6,Private
105,2999,2,0.5,Public
105,3013,6,3.5,Private
105,3017,6,1.5,Public
105,3031,7,2,Private
105,3037,7,3,Public
105,3047,3,0,Private
105,3048,3,0.5,Private
105,3062,2,1.5,Private
105,3065,5,2.5,Private
105,3070,12,5.5,Private
105,3076,5,3.5,Private
105,3115,3,1,Private
105,3117,7,4.5,Private
105,3129,6,1.5,Private
105,3155,3,2,Private
105,3162,1,0,Private
105,3184,4,2.5,Public
105,3225,1,0.5,Private
105,3229,1,0,Private
105,3242,9,6,Private
105,3254,3,1.5,Public
105,3264,4,1.5,Private
105,3268,2,1.5,Private
105,3271,3,1.5,Private
105,3272,3,1,Private
105,3277,2,1,Private
105,3278,3,2,Private
105,3322,2,0.5,Private
105,3330,8,3,Private
105,3344,4,3,Public
105,3352,1,0,Public
105,3360,1,0.5,Private
105,3362,4,1.5,Public
105,3377,1,0,Private
105,3386,2,1,Private
105,3404,4,0.5,Public
105,3408,2,1,Private
105,3424,3,0.5,Private
105,3426,2,0.5,Public
105,3439,4,3,Public
105,3443,2,1.5,Public
105,3455,2,0,Private
105,3463,4,2,Private
105,3472,2,1,Public
105,3475,1,1,Public
105,3488,5,2,Private
105,3507,5,2.5,Private
105,3521,3,2,Public
105,3542,3,1,Private
105,3567,1,0.5,Private
105,3582,5,2.5,Private
105,3591,2,1,Private
105,3592,1,0,Public
105,3614,4,2.5,Private
105,3650,5,3,Private
105,3659,6,3.5,Private
105,3678,12,6.5,Private
105,3681,2,1.5,Public
105,3698,2,0.5,Public
105,3705,8,5,Public
105,3707,2,1,Private
105,3709,6,2.5,Private
105,3711,4,1,Private
105,3770,4,2.5,Private
105,3787,1,0,Private
105,3797,5,3,Private
105,3801,6,3,Private
105,3816,2,1,Private
105,3818,1,0.5,Private
105,3824,5,2.5,Private
105,3834,1,1,Private
105,3837,13,10.5,Private
105,3849,6,3,Public
105,3853,2,1,Private
105,3863,1,0,Private
105,3866,5,2,Public
105,3882,3,2.5,Public
105,3887,5,3,Private
105,3909,4,2,Private
105,3912,1,1,Private
105,3917,1,0.5,Private
105,3920,3,1,Private
105,3934,1,1,Private
105,3963,3,0.5,Private
105,3965,2,1.5,Private
105,3968,6,4,Private
105,3971,3,2.5,Private
105,3980,3,2.5,Private
105,3982,12,8.5,Private
105,3999,5,1,Private
105,4037,2,0.5,Private
105,4073,4,1,Private
105,4082,4,3.5,Private
105,4084,2,0,Private
105,4116,1,0.5,Public
105,4137,1,0.5,Private
105,4138,3,0.5,Private
105,4146,6,3.5,Private
105,4162,5,3,Private
105,4171,15,8.5,Private
105,4175,1,0.5,Private
105,4194,3,2.5,Private
105,4201,1,0.5,Public
105,4216,3,0.5,Private
105,4244,3,1,Public
105,4246,2,1.5,Private
105,4254,2,1.5,Private
105,4256,6,2,Private
105,4286,2,1.5,Private
105,4287,8,5.5,Private
105,4290,4,2.5,Private
105,4304,8,2,Private
105,4315,1,0.5,Private
105,4318,5,3.5,Public
105,4331,2,1,Private
105,4342,2,1.5,Private
105,4343,1,0.5,Private
105,4363,5,2.5,Public
105,4376,3,1.5,Private
105,4399,2,1,Private
105,4404,5,3,Private
105,4406,5,1,Private
105,4419,7,4.5,Private
105,4422,15,6.5,Private
105,4423,5,2,Public
105,4457,2,0,Private
105,4465,1,0.5,Private
105,4479,3,1.5,Private
105,4481,10,6.5,Private
105,4484,9,4.5,Private
105,4488,1,0.5,Private
105,4515,2,2,Private
105,4524,6,2.5,Private
105,4529,5,2,Public
105,4532,4,3,Private
105,4537,2,0,Private
105,4542,4,1,Private
105,4564,1,0.5,Private
105,4577,14,6,Private
105,4585,2,0,Public
105,4607,1,0.5,Private
105,4609,5,3,Private
105,4613,5,3.5,Public
105,4639,1,0.5,Private
105,4646,6,3.5,Private
105,4649,2,1.5,Private
105,4674,1,0.5,Private
105,4676,3,2.5,Private
105,4685,5,2,Private
105,4687,2,1,Private
105,4691,6,3.5,Private
105,4694,5,3.5,Private
105,4714,2,1,Private
105,4719,10,5.5,Private
105,4732,11,6,Private
105,4753,3,2,Private
105,4757,2,1.5,Private
105,4772,3,0,Private
105,4774,1,1,Public
105,4776,12,6.5,Private
105,4783,6,3,Private
105,4791,1,0,Public
105,4794,3,0,Private
105,4801,2,1.5,Private
105,4812,5,1.5,Public
105,4814,4,2,Private
105,4850,14,8.5,Private
105,4857,4,2,Public
105,4862,4,2,Private
105,4876,9,7,Private
105,4883,1,0,Private
105,4898,1,0.5,Private
105,4908,4,1.5,Private
105,4911,2,1.5,Private
105,4920,4,2.5,Private
105,4931,7,4,Private
105,4954,9,4,Private
105,4955,7,4,Private
105,4962,4,2.5,Private
105,4973,6,4,Private
105,4977,2,1.5,Public
105,4982,5,2.5,Private
105,4996,7,2,Private
105,5002,5,2.5,Private
105,5009,1,1,Public
105,5013,9,4,Private
105,5018,2,0.5,Private
105,5023,3,0,Private
105,5025,2,0.5,Private
105,5026,4,0,Private
105,5036,2,0,Private
105,5047,2,1,Private
105,5050,3,1.5,Private
105,5075,3,2,Private
105,5076,2,2,Private
105,5079,1,0.5,Private
105,5082,5,4,Private
105,5083,6,3.5,Private
105,5086,3,1.5,Public
105,5090,1,0.5,Public
105,5107,3,1,Private
105,5117,4,1.5,Private
105,5119,1,1,Private
105,5135,1,0.5,Private
105,5136,4,2,Private
105,5155,4,0.5,Private
105,5183,3,1.5,Public
105,5185,5,1,Private
105,5187,5,3,Public
105,5191,8,3.5,Private
105,5210,6,2.5,Private
105,5221,1,0.5,Public
105,5226,5,4,Public
105,5247,1,0.5,Private
105,5257,1,0,Private
105,5270,1,0,Private
105,5278,2,0,Private
105,5280,3,2,Private
105,5299,8,5.5,Private
105,5311,8,3.5,Private
105,5315,1,0,Private
105,5327,5,2,Private
105,5333,6,3,Private
105,5342,7,5.5,Public
105,5347,10,6,Private
105,5360,3,1,Private
105,5380,11,7,Public
105,5385,1,0,Private
105,5396,8,5.5,Private
105,5412,3,1.5,Public
105,5417,4,1.5,Public
105,5419,4,2.5,Public
105,5425,11,6.5,Private
105,5435,4,3,Private
105,5453,1,1,Private
105,5456,2,1,Private
105,5470,2,1,Public
105,5472,9,5,Private
105,5473,3,1.5,Public
105,5475,6,3.5,Private
105,5477,2,1,Private
105,5482,5,2.5,Private
105,5489,2,0,Private
105,5530,2,0.5,Private
105,5531,5,4,Private
105,5532,3,1.5,Private
105,5539,2,1,Private
105,5541,1,0.5,Private
105,5552,2,1.5,Public
105,5574,2,1,Public
105,5596,4,2.5,Private
105,5598,1,1,Private
105,5602,5,4.5,Private
105,5614,12,6.5,Private
105,5627,2,1.5,Private
105,5642,2,1.5,Private
105,5663,3,1,Private
105,5675,1,0,Private
105,5740,1,0,Public
105,5774,1,1,Public
105,5798,8,2,Private
105,5802,4,3.5,Private
105,5825,1,0,Private
105,5833,6,3,Private
105,5852,5,1.5,Public
105,5853,2,1,Public
105,5863,2,1,Public
105,5866,5,3.5,Private
105,5886,5,1.5,Public
105,5895,1,0,Private
105,5906,1,0,Private
105,5919,6,3,Private
105,5926,2,0,Public
105,5930,4,2,Public
105,5933,5,2,Private
105,5942,4,3.5,Private
105,5943,1,0.5,Private
105,5950,7,4,Public
105,5960,10,8,Private
105,5993,6,2.5,Private
105,6008,9,3.5,Private
105,6010,5,3.5,Private
105,6011,4,1,Private
105,6012,4,3,Public
105,6018,2,1,Private
105,6036,6,1,Private
105,6038,7,3.5,Private
105,6049,4,2.5,Private
105,6055,4,2.5,Public
105,6059,1,1,Private
105,6073,5,3.5,Private
105,6084,4,1.5,Public
105,6086,10,6.5,Private
105,6087,2,0.5,Public
105,6089,10,7,Private
105,6104,12,6.5,Private
105,6150,1,0,Private
105,6165,3,2.5,Private
105,6168,5,2.5,Private
105,6184,2,0.5,Private
105,6190,1,0,Private
105,6196,3,1.5,Private
105,6203,3,0.5,Private
105,6208,5,2.5,Private
105,6212,7,4.5,Private
105,6224,2,1.5,Public
105,6235,3,2,Private
105,6239,2,1.5,Private
105,6255,5,1,Private
105,6268,4,1.5,Private
105,6272,6,1.5,Private
105,6281,3,1,Private
105,6305,3,1,Private
105,6313,1,0.5,Private
105,6324,4,1.5,Private
105,6328,2,1.5,Public
105,6336,5,2.5,Public
105,6341,10,3,Public
105,6346,3,0.5,Private
105,6366,5,1.5,Private
105,6369,2,1,Private
105,6372,5,2,Private
105,6385,2,0,Private
105,6388,4,2,Private
105,6391,8,3,Private
105,6392,4,1.5,Private
105,6406,2,1,Private
105,6418,2,1,Public
105,6434,4,0.5,Private
105,6439,6,2.5,Private
105,6460,1,0,Private
105,6468,3,1.5,Private
105,6500,1,0.5,Private
105,6506,2,0.5,Private
105,6515,6,3,Private
105,6520,3,2,Public
105,6537,5,3.5,Private
105,6556,4,1.5,Private
105,6564,7,2.5,Private
105,6573,4,1.5,Private
105,6578,2,1,Private
105,6589,1,0.5,Public
105,6621,2,0,Private
105,6662,2,1,Private
105,6679,6,3,Private
105,6688,3,0.5,Private
105,6691,3,2,Private
105,6701,2,0.5,Private
105,6709,5,3.5,Private
105,6717,4,2,Private
105,6736,3,0.5,Public
105,6745,1,1,Private
105,6747,1,0.5,Private
105,6752,4,1,Private
105,6754,5,3,Public
105,6769,8,4,Private
105,6770,3,2,Private
105,6778,2,0.5,Private
105,6782,4,2,Private
105,6806,4,1,Private
105,6834,5,3.5,Private
105,6840,3,1.5,Private
105,6844,5,3,Private
105,6850,6,4,Private
105,6854,3,2.5,Private
105,6875,10,5,Private
105,6880,3,1.5,Private
105,6891,4,1.5,Private
105,6926,3,0,Private
105,6979,5,2,Private
105,6983,2,1,Public
105,6985,4,2,Public
105,6997,3,2,Private
105,7001,1,0,Private
105,7002,5,4,Private
105,7011,2,0.5,Private
105,7027,4,3,Private
105,7038,2,1,Private
105,7053,3,2.5,Private
105,7061,4,3,Public
105,7065,1,0,Private
105,7069,1,1,Private
105,7073,2,1.5,Private
105,7089,2,0.5,Public
105,7096,9,6.5,Private
105,7104,1,0.5,Public
105,7106,7,3.5,Private
105,7118,2,1,Private
105,7119,9,4.5,Private
105,7134,11,5,Private
105,7139,3,2,Private
105,7142,5,0.5,Private
105,7145,7,3.5,Private
105,7165,6,3.5,Private
105,7168,2,0.5,Private
105,7193,5,2,Public
105,7204,4,2.5,Private
105,7214,4,2,Public
105,7226,2,1,Private
105,7230,4,3,Public
105,7238,2,1.5,Private
105,7242,5,2.5,Private
105,7248,1,0.5,Private
105,7250,1,0,Private
105,7273,4,2.5,Private
105,7279,2,1,Private
105,7285,2,0,Private
105,7296,3,1.5,Private
105,7298,1,0.5,Private
105,7312,2,1,Private
105,7327,1,0,Private
105,7348,2,0.5,Private
105,7350,4,3,Public
105,7351,6,3,Private
105,7353,5,1,Public
105,7362,4,0.5,Private
105,7364,2,1,Private
105,7366,6,4,Private
105,7379,1,0.5,Private
105,7391,7,5,Private
105,7398,3,1,Public
105,7412,5,2.5,Private
105,7431,4,0.5,Private
105,7440,4,0,Private
105,7441,4,2.5,Private
105,7446,2,1.5,Private
105,7448,2,0.5,Private
105,7450,4,0.5,Private
105,7453,3,0,Private
105,7458,2,1,Private
105,7479,7,2.5,Private
105,7483,1,0.5,Private
105,7498,1,0,Public
105,7514,5,3,Private
105,7528,11,6.5,Private
105,7530,2,1,Private
105,7545,4,2.5,Private
105,7593,12,8.5,Private
105,7597,7,2.5,Private
105,7616,4,2.5,Private
105,7638,6,2.5,Private
105,7652,2,1,Private
105,7661,11,5.5,Private
105,7665,2,0,Private
105,7669,1,0.5,Public
105,7682,1,0.5,Private
105,7684,3,1,Private
105,7747,7,3,Public
105,7758,11,6,Private
105,7769,7,4,Private
105,7796,4,3,Private
105,7799,1,0.5,Private
105,7805,4,2,Private
105,7811,5,3,Private
105,7816,5,4,Public
105,7819,4,1,Private
105,7833,5,2.5,Private
105,7848,7,4.5,Private
105,7871,7,4,Private
105,7880,5,3,Public
105,7886,4,1.5,Private
105,7890,13,7,Private
105,7901,12,7.5,Private
105,7905,14,6.5,Private
105,7914,1,0,Public
105,7917,6,1,Private
105,7939,3,1.5,Public
105,7949,4,1,Private
105,7953,6,5,Private
105,7955,5,1.5,Private
105,7984,4,1.5,Private
105,7986,12,9,Private
105,8016,7,4.5,Public
105,8028,8,4.5,Private
105,8035,6,3.5,Private
105,8048,6,3.5,Private
105,8084,2,1.5,Private
105,8086,3,1.5,Public
105,8088,10,4.5,Private
105,8103,1,1,Private
105,8111,3,1.5,Public
105,8122,5,1.5,Private
105,8152,12,7.5,Private
105,8177,4,1.5,Private
105,8189,7,4.5,Private
105,8190,8,5.5,Private
105,8195,5,2,Private
105,8214,2,1.5,Private
105,8246,3,1.5,Private
105,8263,2,0,Private
105,8267,7,3.5,Private
105,8275,1,1,Private
105,8277,4,2.5,Private
105,8287,9,5,Private
105,8288,4,2.5,Private
105,8320,3,1.5,Private
105,8328,1,0,Private
105,8330,3,1,Private
105,8337,2,1,Private
105,8341,15,8,Private
105,8355,1,0.5,Private
105,8415,10,5.5,Private
105,8433,3,0.5,Private
105,8447,3,1,Private
105,8449,6,1,Private
105,8491,8,4,Public
105,8552,8,6.5,Public
105,8553,2,1.5,Private
105,8580,1,0.5,Public
105,8592,12,4,Private
105,8595,8,3.5,Private
105,8605,3,2,Private
105,8616,4,2.5,Private
105,8617,7,3.5,Private
